sn,date_collected,trap_id,sex,elytra_length,elytra_width,date_dosed,treatment,dose_mg,date_dead,died_during_bioassay,pm_mites,pm_nema,pm_heartbeat,pm_image,pm_sample_id_prefix,pm_sample_id,notes
1,2023-07-09,1,f,20.68,17.9,0000-00-00,,0,0000-00-00,0,0,0,0,0,,0,"original_feeding_group: Monday, used_for: , feeding_week: 1 ,misc_notes: , pm_external: , pm_internal: 0, death_notes: "
6,2023-07-09,19,m,23.54,19.71,0000-00-00,,0,0000-00-00,0,0,0,0,0,,0,"original_feeding_group: Monday, used_for: , feeding_week: 1 ,misc_notes: , pm_external: , pm_internal: 0, death_notes: "
8,2023-07-09,34,f,24.27,19.15,0000-00-00,,0,0000-00-00,0,0,0,0,0,,0,"original_feeding_group: Monday, used_for: , feeding_week: 1 ,misc_notes: , pm_external: , pm_internal: 0, death_notes: "
9,2023-07-09,38,f,24.91,18.7,0000-00-00,,0,0000-00-00,0,0,0,0,0,,0,"original_feeding_group: Monday, used_for: , feeding_week: 1 ,misc_notes: , pm_external: , pm_internal: 0, death_notes: "
12,2023-07-12,12,f,25.41,19.53,0000-00-00,,0,0000-00-00,0,0,0,0,0,,0,"original_feeding_group: Monday, used_for: , feeding_week: 1 ,misc_notes: , pm_external: , pm_internal: 0, death_notes: "
13,2023-07-12,7,f,22.79,18.75,0000-00-00,,0,0000-00-00,0,0,0,0,0,,0,"original_feeding_group: Monday, used_for: , feeding_week: 1 ,misc_notes: , pm_external: , pm_internal: 0, death_notes: "
15,2023-07-12,19,m,21.6,17.76,0000-00-00,,0,0000-00-00,0,0,0,0,0,,0,"original_feeding_group: Monday, used_for: , feeding_week: 1 ,misc_notes: , pm_external: , pm_internal: 0, death_notes: "
16,2023-07-12,39,f,24.39,20.05,0000-00-00,,0,0000-00-00,0,0,0,0,0,,0,"original_feeding_group: Monday, used_for: , feeding_week: 1 ,misc_notes: , pm_external: , pm_internal: 0, death_notes: "
17,2023-07-12,19,f,24.75,19.94,0000-00-00,,0,0000-00-00,0,0,0,0,0,,0,"original_feeding_group: Thursday, used_for: , feeding_week: 2 ,misc_notes: , pm_external: , pm_internal: 0, death_notes: "
26,2023-07-14,0,f,24.83,19.9,0000-00-00,,0,0000-00-00,0,0,0,0,0,,0,"original_feeding_group: Thursday, used_for: , feeding_week: 2 ,misc_notes: , pm_external: , pm_internal: 0, death_notes: "
39,2023-07-17,40,m,24.3,19.48,0000-00-00,,0,0000-00-00,0,0,0,0,0,,0,"original_feeding_group: Monday, used_for: , feeding_week: 1 ,misc_notes: , pm_external: , pm_internal: 0, death_notes: "
50,2023-07-17,34,f,24.98,19.15,0000-00-00,,0,0000-00-00,0,0,0,0,0,,0,"original_feeding_group: Monday, used_for: , feeding_week: 1 ,misc_notes: , pm_external: , pm_internal: 0, death_notes: "
51,2023-07-17,37,f,22.73,17.08,0000-00-00,,0,0000-00-00,0,0,0,0,0,,0,"original_feeding_group: Monday, used_for: , feeding_week: 1 ,misc_notes: , pm_external: , pm_internal: 0, death_notes: "
56,2023-07-17,34,f,24.59,19.42,0000-00-00,,0,0000-00-00,0,0,0,0,0,,0,"original_feeding_group: Monday, used_for: , feeding_week: 1 ,misc_notes: , pm_external: , pm_internal: 0, death_notes: "
57,2023-07-17,33,m,24.23,19.31,0000-00-00,,0,0000-00-00,0,0,0,0,0,,0,"original_feeding_group: Monday, used_for: , feeding_week: 1 ,misc_notes: , pm_external: , pm_internal: 0, death_notes: "
61,2023-07-17,20,f,19.31,15.14,0000-00-00,,0,0000-00-00,0,0,0,0,0,,0,"original_feeding_group: Thursday, used_for: , feeding_week: 2 ,misc_notes: , pm_external: , pm_internal: 0, death_notes: "
74,2023-07-20,38,m,24.38,19.14,0000-00-00,,0,0000-00-00,0,0,0,0,0,,0,"original_feeding_group: Thursday, used_for: , feeding_week: 2 ,misc_notes: , pm_external: , pm_internal: 0, death_notes: "
84,2023-07-20,18,f,22.26,18.39,0000-00-00,,0,0000-00-00,0,0,0,0,0,,0,"original_feeding_group: Monday, used_for: , feeding_week: 1 ,misc_notes: , pm_external: , pm_internal: 0, death_notes: "
87,2023-07-20,25,f,25.18,20.21,2023-07-31,CONTROL,0,0000-00-00,1,0,0,0,0,,0,"original_feeding_group: Monday, used_for: DUG42-1, feeding_week: 1 ,misc_notes: , pm_external: , pm_internal: 0, death_notes: "
90,2023-07-20,23,f,27.01,21.58,0000-00-00,,0,0000-00-00,0,0,0,0,0,,0,"original_feeding_group: Monday, used_for: , feeding_week: 1 ,misc_notes: , pm_external: , pm_internal: 0, death_notes: "
99,2023-07-20,34,m,23.39,18.59,0000-00-00,,0,0000-00-00,0,0,0,0,0,,0,"original_feeding_group: Monday, used_for: , feeding_week: 1 ,misc_notes: , pm_external: , pm_internal: 0, death_notes: "
101,2023-07-24,7,m,24.39,18.99,2023-08-24,DUG42,34,0000-00-00,1,0,0,0,0,,0,"original_feeding_group: Monday, used_for: , feeding_week: 1 ,misc_notes: , pm_external: , pm_internal: 0, death_notes: "
115,2023-07-24,18,f,25.39,19.74,0000-00-00,,0,0000-00-00,0,0,0,0,0,,0,"original_feeding_group: Thursday, used_for: , feeding_week: 2 ,misc_notes: , pm_external: , pm_internal: 0, death_notes: "
131,2023-07-24,34,f,24.99,19.65,0000-00-00,,0,0000-00-00,0,0,0,0,0,,0,"original_feeding_group: Monday, used_for: , feeding_week: 1 ,misc_notes: , pm_external: , pm_internal: 0, death_notes: "
133,2023-07-24,34,f,21.87,26.86,0000-00-00,,0,0000-00-00,0,0,0,0,0,,0,"original_feeding_group: Monday, used_for: , feeding_week: 1 ,misc_notes: , pm_external: , pm_internal: 0, death_notes: "
137,2023-07-24,1,f,20.92,16.11,0000-00-00,,0,0000-00-00,0,0,0,0,0,,0,"original_feeding_group: Monday, used_for: , feeding_week: 1 ,misc_notes: , pm_external: , pm_internal: 0, death_notes: "
139,2023-07-24,33,f,26.69,21.04,0000-00-00,,0,0000-00-00,0,0,0,0,0,,0,"original_feeding_group: Thursday, used_for: , feeding_week: 2 ,misc_notes: , pm_external: , pm_internal: 0, death_notes: "
140,2023-07-24,32,f,22.58,17.65,0000-00-00,,0,0000-00-00,0,0,0,0,0,,0,"original_feeding_group: Thursday, used_for: , feeding_week: 2 ,misc_notes: , pm_external: , pm_internal: 0, death_notes: "
141,2023-07-24,31,m,26.04,21.89,0000-00-00,,0,0000-00-00,0,0,0,0,0,,0,"original_feeding_group: Thursday, used_for: , feeding_week: 2 ,misc_notes: , pm_external: , pm_internal: 0, death_notes: "
145,2023-07-29,20,f,24.69,19.73,0000-00-00,,0,0000-00-00,0,0,0,0,0,,0,"original_feeding_group: Thursday, used_for: , feeding_week: 2 ,misc_notes: , pm_external: , pm_internal: 0, death_notes: "
146,2023-07-29,26,f,23.43,18.52,0000-00-00,,0,0000-00-00,0,0,0,0,0,,0,"original_feeding_group: Thursday, used_for: , feeding_week: 2 ,misc_notes: , pm_external: , pm_internal: 0, death_notes: "
148,2023-07-29,22,f,22.18,17.37,0000-00-00,,0,0000-00-00,0,0,0,0,0,,0,"original_feeding_group: Thursday, used_for: , feeding_week: 2 ,misc_notes: , pm_external: , pm_internal: 0, death_notes: "
155,2023-07-29,38,f,23.89,19.58,0000-00-00,,0,0000-00-00,0,0,0,0,0,,0,"original_feeding_group: Monday, used_for: , feeding_week: 1 ,misc_notes: , pm_external: , pm_internal: 0, death_notes: "
157,2023-07-29,22,f,26.75,21.42,0000-00-00,,0,0000-00-00,0,0,0,0,0,,0,"original_feeding_group: Monday, used_for: , feeding_week: 1 ,misc_notes: , pm_external: , pm_internal: 0, death_notes: "
160,2023-07-29,21,m,26.44,21.47,0000-00-00,,0,0000-00-00,0,0,0,0,0,,0,"original_feeding_group: Monday, used_for: , feeding_week: 1 ,misc_notes: , pm_external: , pm_internal: 0, death_notes: "
161,2023-07-29,37,m,22.92,17.77,0000-00-00,,0,0000-00-00,0,0,0,0,0,,0,"original_feeding_group: Monday, used_for: , feeding_week: 1 ,misc_notes: , pm_external: , pm_internal: 0, death_notes: "
163,2023-07-29,1,f,26.26,20.11,0000-00-00,,0,0000-00-00,0,0,0,0,0,,0,"original_feeding_group: Monday, used_for: , feeding_week: 1 ,misc_notes: , pm_external: , pm_internal: 0, death_notes: "
167,2023-07-29,40,m,25.81,19.26,0000-00-00,,0,0000-00-00,0,0,0,0,0,,0,"original_feeding_group: Monday, used_for: , feeding_week: 1 ,misc_notes: , pm_external: , pm_internal: 0, death_notes: "
172,2023-07-29,32,m,24.55,19.57,0000-00-00,,0,0000-00-00,0,0,0,0,0,,0,"original_feeding_group: Thursday, used_for: , feeding_week: 2 ,misc_notes: , pm_external: , pm_internal: 0, death_notes: "
178,2023-07-31,33,f,23.25,18.51,0000-00-00,,0,0000-00-00,0,0,0,0,0,,0,"original_feeding_group: Thursday, used_for: , feeding_week: 2 ,misc_notes: , pm_external: , pm_internal: 0, death_notes: "
182,2023-07-31,3,f,26.39,20.85,0000-00-00,,0,0000-00-00,0,0,0,0,0,,0,"original_feeding_group: Monday, used_for: , feeding_week: 1 ,misc_notes: , pm_external: , pm_internal: 0, death_notes: "
187,2023-07-31,24,f,23.59,18.09,0000-00-00,,0,0000-00-00,0,0,0,0,0,,0,"original_feeding_group: Monday, used_for: , feeding_week: 1 ,misc_notes: , pm_external: , pm_internal: 0, death_notes: "
188,2023-07-31,22,f,23.86,18.53,0000-00-00,,0,0000-00-00,0,0,0,0,0,,0,"original_feeding_group: Monday, used_for: , feeding_week: 1 ,misc_notes: , pm_external: , pm_internal: 0, death_notes: "
190,2023-07-31,38,f,25.82,20.34,0000-00-00,,0,0000-00-00,0,0,0,0,0,,0,"original_feeding_group: Monday, used_for: , feeding_week: 1 ,misc_notes: , pm_external: , pm_internal: 0, death_notes: "
194,2023-07-31,1,m,21.16,18.42,0000-00-00,,0,0000-00-00,0,0,0,0,0,,0,"original_feeding_group: Monday, used_for: , feeding_week: 1 ,misc_notes: , pm_external: , pm_internal: 0, death_notes: "
198,2023-07-31,13,m,25.77,20.42,0000-00-00,,0,0000-00-00,0,0,0,0,0,,0,"original_feeding_group: Monday, used_for: , feeding_week: 1 ,misc_notes: , pm_external: , pm_internal: 0, death_notes: "
199,2023-07-31,34,f,19.05,14.92,0000-00-00,,0,0000-00-00,0,0,0,0,0,,0,"original_feeding_group: Monday, used_for: , feeding_week: 1 ,misc_notes: , pm_external: , pm_internal: 0, death_notes: "
201,2023-07-31,10,f,26.3,20.07,0000-00-00,,0,0000-00-00,0,0,0,0,0,,0,"original_feeding_group: Thursday, used_for: , feeding_week: 2 ,misc_notes: , pm_external: , pm_internal: 0, death_notes: "
210,2023-08-02,40,f,26.75,21.32,0000-00-00,,0,0000-00-00,0,0,0,0,0,,0,"original_feeding_group: Thursday, used_for: , feeding_week: 2 ,misc_notes: , pm_external: , pm_internal: 0, death_notes: "
213,2023-08-02,34,f,24.84,20.09,0000-00-00,,0,0000-00-00,0,0,0,0,0,,0,"original_feeding_group: Monday, used_for: , feeding_week: 1 ,misc_notes: , pm_external: , pm_internal: 0, death_notes: "
214,2023-08-02,6,m,27.36,21.36,2023-08-15,V23B,-5,0000-00-00,1,0,1,0,0,GUAM 202309,0,"original_feeding_group: Thursday, used_for: , feeding_week: 2 ,misc_notes: , pm_external: , pm_internal: 0, death_notes: nematodes inside abdomen; none outside body"
215,2023-08-02,35,f,23.89,18.84,0000-00-00,,0,0000-00-00,0,0,0,0,0,,0,"original_feeding_group: Thursday, used_for: , feeding_week: 2 ,misc_notes: , pm_external: , pm_internal: 0, death_notes: "
218,2023-08-04,24,f,24.25,19.42,0000-00-00,,0,0000-00-00,0,0,0,0,0,,0,"original_feeding_group: Thursday, used_for: , feeding_week: 2 ,misc_notes: , pm_external: , pm_internal: 0, death_notes: "
219,2023-08-04,17,f,23.32,18,0000-00-00,,0,0000-00-00,0,0,0,0,0,,0,"original_feeding_group: Thursday, used_for: , feeding_week: 2 ,misc_notes: , pm_external: , pm_internal: 0, death_notes: "
220,2023-08-04,26,m,21.92,17.78,0000-00-00,,0,0000-00-00,0,0,0,0,0,,0,"original_feeding_group: Thursday, used_for: , feeding_week: 2 ,misc_notes: , pm_external: , pm_internal: 0, death_notes: "
221,2023-08-04,40,f,24.65,20.11,0000-00-00,,0,0000-00-00,0,0,0,0,0,,0,"original_feeding_group: Thursday, used_for: , feeding_week: 2 ,misc_notes: , pm_external: , pm_internal: 0, death_notes: "
222,2023-08-04,31,f,22.93,18.55,0000-00-00,,0,0000-00-00,0,0,0,0,0,,0,"original_feeding_group: Thursday, used_for: , feeding_week: 2 ,misc_notes: , pm_external: , pm_internal: 0, death_notes: "
223,2023-08-04,40,f,23.23,18.26,2023-08-31,PNG,109,0000-00-00,1,0,0,0,0,,0,"original_feeding_group: Thursday, used_for: , feeding_week: 2 ,misc_notes: , pm_external: , pm_internal: 0, death_notes: "
224,2023-08-04,38,m,24.83,19.57,0000-00-00,,0,0000-00-00,0,0,0,0,0,,0,"original_feeding_group: Thursday, used_for: , feeding_week: 2 ,misc_notes: , pm_external: , pm_internal: 0, death_notes: "
225,2023-08-04,3,f,23.06,17.62,0000-00-00,,0,0000-00-00,0,0,0,0,0,,0,"original_feeding_group: Thursday, used_for: , feeding_week: 2 ,misc_notes: , pm_external: , pm_internal: 0, death_notes: "
226,2023-08-04,1,f,22.69,17.25,0000-00-00,,0,0000-00-00,0,0,0,0,0,,0,"original_feeding_group: Thursday, used_for: , feeding_week: 2 ,misc_notes: , pm_external: , pm_internal: 0, death_notes: "
228,2023-08-04,33,f,22.03,16.24,0000-00-00,,0,0000-00-00,0,0,0,0,0,,0,"original_feeding_group: Thursday, used_for: , feeding_week: 2 ,misc_notes: , pm_external: , pm_internal: 0, death_notes: "
229,2023-08-04,1,f,25.93,20.84,0000-00-00,,0,0000-00-00,0,0,0,0,0,,0,"original_feeding_group: Monday, used_for: , feeding_week: 1 ,misc_notes: , pm_external: , pm_internal: 0, death_notes: "
231,2023-08-04,5,f,21.35,16.09,0000-00-00,,0,0000-00-00,0,0,0,0,0,,0,"original_feeding_group: Monday, used_for: , feeding_week: 1 ,misc_notes: , pm_external: , pm_internal: 0, death_notes: "
232,2023-08-04,5,f,26.69,21.75,0000-00-00,,0,0000-00-00,0,0,0,0,0,,0,"original_feeding_group: Monday, used_for: , feeding_week: 1 ,misc_notes: , pm_external: , pm_internal: 0, death_notes: "
234,2023-08-04,5,f,20.62,16.63,0000-00-00,,0,0000-00-00,0,0,0,0,0,,0,"original_feeding_group: Monday, used_for: , feeding_week: 1 ,misc_notes: , pm_external: , pm_internal: 0, death_notes: "
236,2023-08-04,7,f,24.09,19.44,0000-00-00,,0,0000-00-00,0,0,0,0,0,,0,"original_feeding_group: Monday, used_for: , feeding_week: 1 ,misc_notes: , pm_external: , pm_internal: 0, death_notes: "
237,2023-08-04,8,m,24.19,18.3,0000-00-00,,0,0000-00-00,0,0,0,0,0,,0,"original_feeding_group: Monday, used_for: , feeding_week: 1 ,misc_notes: , pm_external: , pm_internal: 0, death_notes: "
238,2023-08-04,8,f,20.57,16.26,0000-00-00,,0,0000-00-00,0,0,0,0,0,,0,"original_feeding_group: Monday, used_for: , feeding_week: 1 ,misc_notes: , pm_external: , pm_internal: 0, death_notes: "
239,2023-08-04,9,f,24.95,19.85,0000-00-00,,0,0000-00-00,0,0,0,0,0,,0,"original_feeding_group: Monday, used_for: , feeding_week: 1 ,misc_notes: , pm_external: , pm_internal: 0, death_notes: "
240,2023-08-04,4,m,23.33,19.09,0000-00-00,,0,0000-00-00,0,0,0,0,0,,0,"original_feeding_group: Monday, used_for: , feeding_week: 1 ,misc_notes: , pm_external: , pm_internal: 0, death_notes: "
241,2023-08-04,241,m,25.18,21.04,0000-00-00,,0,0000-00-00,0,0,0,0,0,,0,"original_feeding_group: Monday, used_for: , feeding_week: 1 ,misc_notes: , pm_external: , pm_internal: 0, death_notes: "
242,2023-08-04,9,m,24.82,19.1,0000-00-00,,0,0000-00-00,0,0,0,0,0,,0,"original_feeding_group: Monday, used_for: , feeding_week: 1 ,misc_notes: , pm_external: , pm_internal: 0, death_notes: "
243,2023-08-04,11,m,23.71,17.96,0000-00-00,,0,0000-00-00,0,0,0,0,0,,0,"original_feeding_group: Monday, used_for: , feeding_week: 1 ,misc_notes: , pm_external: , pm_internal: 0, death_notes: "
244,2023-08-04,10,f,21.46,16.84,0000-00-00,,0,0000-00-00,0,0,0,0,0,,0,"original_feeding_group: Monday, used_for: , feeding_week: 1 ,misc_notes: , pm_external: , pm_internal: 0, death_notes: "
245,2023-08-08,24,f,25.75,21.58,0000-00-00,,0,0000-00-00,0,0,0,0,0,,0,"original_feeding_group: Monday, used_for: , feeding_week: 1 ,misc_notes: , pm_external: , pm_internal: 0, death_notes: "
246,2023-08-08,25,f,20.87,16.71,0000-00-00,,0,0000-00-00,0,0,0,0,0,,0,"original_feeding_group: Monday, used_for: , feeding_week: 1 ,misc_notes: , pm_external: , pm_internal: 0, death_notes: "
247,2023-08-08,25,m,23.13,18.1,0000-00-00,,0,0000-00-00,0,0,0,0,0,,0,"original_feeding_group: Monday, used_for: , feeding_week: 1 ,misc_notes: , pm_external: , pm_internal: 0, death_notes: "
249,2023-08-08,13,f,23.95,18.94,0000-00-00,,0,0000-00-00,0,0,0,0,0,,0,"original_feeding_group: Monday, used_for: , feeding_week: 1 ,misc_notes: , pm_external: , pm_internal: 0, death_notes: "
250,2023-08-08,15,f,21.03,15.66,0000-00-00,,0,0000-00-00,0,0,0,0,0,,0,"original_feeding_group: Monday, used_for: , feeding_week: 1 ,misc_notes: , pm_external: , pm_internal: 0, death_notes: "
251,2023-08-08,20,m,23.41,18.64,0000-00-00,,0,0000-00-00,0,0,0,0,0,,0,"original_feeding_group: Monday, used_for: , feeding_week: 1 ,misc_notes: , pm_external: , pm_internal: 0, death_notes: "
252,2023-08-08,17,f,26.54,21.3,0000-00-00,,0,0000-00-00,0,0,0,0,0,,0,"original_feeding_group: Monday, used_for: , feeding_week: 1 ,misc_notes: , pm_external: , pm_internal: 0, death_notes: "
253,2023-08-08,17,f,22.82,18.87,0000-00-00,,0,0000-00-00,0,0,0,0,0,,0,"original_feeding_group: Monday, used_for: , feeding_week: 1 ,misc_notes: , pm_external: , pm_internal: 0, death_notes: "
254,2023-08-08,21,f,26.61,21.02,0000-00-00,,0,0000-00-00,0,0,0,0,0,,0,"original_feeding_group: Monday, used_for: , feeding_week: 1 ,misc_notes: , pm_external: , pm_internal: 0, death_notes: "
255,2023-08-08,26,f,26.59,21.24,0000-00-00,,0,0000-00-00,0,0,0,0,0,,0,"original_feeding_group: Monday, used_for: , feeding_week: 1 ,misc_notes: , pm_external: , pm_internal: 0, death_notes: "
256,2023-08-08,26,f,26.86,21.42,0000-00-00,,0,0000-00-00,0,0,0,0,0,,0,"original_feeding_group: Monday, used_for: , feeding_week: 1 ,misc_notes: , pm_external: , pm_internal: 0, death_notes: "
257,2023-08-08,20,f,23.45,18.62,0000-00-00,,0,0000-00-00,0,0,0,0,0,,0,"original_feeding_group: Monday, used_for: , feeding_week: 1 ,misc_notes: , pm_external: , pm_internal: 0, death_notes: "
258,2023-08-08,40,m,26.26,21.15,0000-00-00,,0,0000-00-00,0,0,0,0,0,,0,"original_feeding_group: Monday, used_for: , feeding_week: 1 ,misc_notes: , pm_external: , pm_internal: 0, death_notes: "
259,2023-08-08,38,f,25.36,20.35,0000-00-00,,0,0000-00-00,0,0,0,0,0,,0,"original_feeding_group: Monday, used_for: , feeding_week: 1 ,misc_notes: , pm_external: , pm_internal: 0, death_notes: "
260,2023-08-08,33,m,23.36,17.95,0000-00-00,,0,0000-00-00,0,0,0,0,0,,0,"original_feeding_group: Monday, used_for: , feeding_week: 1 ,misc_notes: , pm_external: , pm_internal: 0, death_notes: "
261,2023-08-08,13,f,24.31,19.01,0000-00-00,,0,0000-00-00,0,0,0,0,0,,0,"original_feeding_group: Monday, used_for: , feeding_week: 1 ,misc_notes: , pm_external: , pm_internal: 0, death_notes: "
262,2023-08-08,4,f,22.09,17.25,0000-00-00,,0,0000-00-00,0,0,0,0,0,,0,"original_feeding_group: Thursday, used_for: , feeding_week: 2 ,misc_notes: , pm_external: , pm_internal: 0, death_notes: "
264,2023-08-08,38,f,21.96,16.36,0000-00-00,,0,0000-00-00,0,0,0,0,0,,0,"original_feeding_group: Thursday, used_for: , feeding_week: 2 ,misc_notes: , pm_external: , pm_internal: 0, death_notes: "
265,2023-08-08,7,f,21.26,16.9,0000-00-00,,0,0000-00-00,0,0,0,0,0,,0,"original_feeding_group: Thursday, used_for: , feeding_week: 2 ,misc_notes: , pm_external: , pm_internal: 0, death_notes: "
266,2023-08-08,5,m,23.98,18.54,0000-00-00,,0,0000-00-00,0,0,0,0,0,,0,"original_feeding_group: Thursday, used_for: , feeding_week: 2 ,misc_notes: , pm_external: , pm_internal: 0, death_notes: "
268,2023-08-08,36,m,23.31,17.84,0000-00-00,,0,0000-00-00,0,0,0,0,0,,0,"original_feeding_group: Thursday, used_for: , feeding_week: 2 ,misc_notes: , pm_external: , pm_internal: 0, death_notes: "
269,2023-08-08,12,f,26.13,20.28,0000-00-00,,0,0000-00-00,0,0,0,0,0,,0,"original_feeding_group: Thursday, used_for: , feeding_week: 2 ,misc_notes: , pm_external: , pm_internal: 0, death_notes: "
270,2023-08-08,33,m,26.45,21.23,0000-00-00,,0,0000-00-00,0,0,0,0,0,,0,"original_feeding_group: Monday, used_for: , feeding_week: 1 ,misc_notes: , pm_external: , pm_internal: 0, death_notes: "
271,2023-08-08,3,f,24.88,19.49,0000-00-00,,0,0000-00-00,0,0,0,0,0,,0,"original_feeding_group: Thursday, used_for: , feeding_week: 2 ,misc_notes: , pm_external: , pm_internal: 0, death_notes: "
272,2023-08-08,35,f,20.7,15.93,0000-00-00,,0,0000-00-00,0,0,0,0,0,,0,"original_feeding_group: Thursday, used_for: , feeding_week: 2 ,misc_notes: , pm_external: , pm_internal: 0, death_notes: "
274,2023-08-08,9,f,24.54,19.11,0000-00-00,,0,0000-00-00,0,0,0,0,0,,0,"original_feeding_group: Thursday, used_for: , feeding_week: 2 ,misc_notes: , pm_external: , pm_internal: 0, death_notes: "
276,2023-08-08,8,m,25.33,19.62,0000-00-00,,0,0000-00-00,0,0,0,0,0,,0,"original_feeding_group: Monday, used_for: , feeding_week: 1 ,misc_notes: , pm_external: , pm_internal: 0, death_notes: "
277,2023-08-08,7,f,27.01,22.02,0000-00-00,,0,0000-00-00,0,0,0,0,0,,0,"original_feeding_group: Thursday, used_for: , feeding_week: 2 ,misc_notes: , pm_external: , pm_internal: 0, death_notes: "
279,2023-08-08,3,f,27.66,21.15,0000-00-00,,0,0000-00-00,0,0,0,0,0,,0,"original_feeding_group: Thursday, used_for: , feeding_week: 2 ,misc_notes: , pm_external: , pm_internal: 0, death_notes: "
281,2023-08-08,1,m,21.25,16.75,0000-00-00,,0,0000-00-00,0,0,0,0,0,,0,"original_feeding_group: Thursday, used_for: , feeding_week: 2 ,misc_notes: , pm_external: , pm_internal: 0, death_notes: "
282,2023-08-09,1,f,25.82,20.62,0000-00-00,,0,0000-00-00,0,0,0,0,0,,0,"original_feeding_group: Monday, used_for: , feeding_week: 1 ,misc_notes: hole through right elytra, pm_external: , pm_internal: 0, death_notes: "
283,2023-08-09,8,m,23.4,18.53,0000-00-00,,0,0000-00-00,0,0,0,0,0,,0,"original_feeding_group: Thursday, used_for: , feeding_week: 2 ,misc_notes: , pm_external: , pm_internal: 0, death_notes: "
284,2023-08-09,1,f,22.44,17.98,0000-00-00,,0,0000-00-00,0,0,0,0,0,,0,"original_feeding_group: Monday, used_for: , feeding_week: 1 ,misc_notes: , pm_external: , pm_internal: 0, death_notes: "
285,2023-08-09,7,f,24.09,19.41,0000-00-00,,0,0000-00-00,0,0,0,0,0,,0,"original_feeding_group: Monday, used_for: , feeding_week: 1 ,misc_notes: , pm_external: , pm_internal: 0, death_notes: "
286,2023-08-09,7,f,23.46,18.64,0000-00-00,,0,0000-00-00,0,0,0,0,0,,0,"original_feeding_group: Monday, used_for: , feeding_week: 1 ,misc_notes: , pm_external: , pm_internal: 0, death_notes: "
287,2023-08-09,35,f,23.85,18.94,0000-00-00,,0,0000-00-00,0,0,0,0,0,,0,"original_feeding_group: Monday, used_for: , feeding_week: 1 ,misc_notes: , pm_external: , pm_internal: 0, death_notes: "
288,2023-08-09,37,f,22.6,17.36,0000-00-00,,0,0000-00-00,0,0,0,0,0,,0,"original_feeding_group: Monday, used_for: , feeding_week: 1 ,misc_notes: , pm_external: , pm_internal: 0, death_notes: "
289,2023-08-09,40,f,22.77,17.45,0000-00-00,,0,0000-00-00,0,0,0,0,0,,0,"original_feeding_group: Monday, used_for: , feeding_week: 1 ,misc_notes: , pm_external: , pm_internal: 0, death_notes: "
290,2023-08-09,38,f,21.91,17.06,0000-00-00,,0,0000-00-00,0,0,0,0,0,,0,"original_feeding_group: Monday, used_for: , feeding_week: 1 ,misc_notes: , pm_external: , pm_internal: 0, death_notes: "
291,2023-08-09,21,f,23.9,18.71,0000-00-00,,0,0000-00-00,0,0,0,0,0,,0,"original_feeding_group: Thursday, used_for: , feeding_week: 2 ,misc_notes: , pm_external: , pm_internal: 0, death_notes: "
292,2023-08-09,20,f,20.92,16.02,0000-00-00,,0,0000-00-00,0,0,0,0,0,,0,"original_feeding_group: Thursday, used_for: , feeding_week: 2 ,misc_notes: , pm_external: , pm_internal: 0, death_notes: "
293,2023-08-09,20,m,22.6,17.64,0000-00-00,,0,0000-00-00,0,0,0,0,0,,0,"original_feeding_group: Thursday, used_for: , feeding_week: 2 ,misc_notes: , pm_external: , pm_internal: 0, death_notes: "
294,2023-08-09,18,m,19.65,15.8,0000-00-00,,0,0000-00-00,0,0,0,0,0,,0,"original_feeding_group: Thursday, used_for: , feeding_week: 2 ,misc_notes: , pm_external: , pm_internal: 0, death_notes: "
295,2023-08-09,17,f,27.45,21.54,0000-00-00,,0,0000-00-00,0,0,0,0,0,,0,"original_feeding_group: Thursday, used_for: , feeding_week: 2 ,misc_notes: , pm_external: , pm_internal: 0, death_notes: "
296,2023-08-09,15,f,21.68,16.63,0000-00-00,,0,0000-00-00,0,0,0,0,0,,0,"original_feeding_group: Thursday, used_for: , feeding_week: 2 ,misc_notes: , pm_external: , pm_internal: 0, death_notes: "
297,2023-08-09,11,f,24.25,19.04,0000-00-00,,0,0000-00-00,0,0,0,0,0,,0,"original_feeding_group: Thursday, used_for: , feeding_week: 2 ,misc_notes: , pm_external: , pm_internal: 0, death_notes: "
298,2023-08-09,11,f,24.01,18.68,0000-00-00,,0,0000-00-00,0,0,0,0,0,,0,"original_feeding_group: Monday, used_for: , feeding_week: 1 ,misc_notes: , pm_external: , pm_internal: 0, death_notes: "
299,2023-08-09,8,f,19.53,15.68,0000-00-00,,0,0000-00-00,0,0,0,0,0,,0,"original_feeding_group: Monday, used_for: , feeding_week: 1 ,misc_notes: , pm_external: , pm_internal: 0, death_notes: "
300,2023-08-09,9,m,22.77,17.68,0000-00-00,,0,0000-00-00,0,0,0,0,0,,0,"original_feeding_group: Thursday, used_for: , feeding_week: 2 ,misc_notes: , pm_external: , pm_internal: 0, death_notes: "
301,2023-08-09,24,f,24.69,18.79,0000-00-00,,0,0000-00-00,0,0,0,0,0,,0,"original_feeding_group: Thursday, used_for: , feeding_week: 2 ,misc_notes: , pm_external: , pm_internal: 0, death_notes: "
302,2023-08-11,34,f,23.1,18.48,0000-00-00,,0,0000-00-00,0,0,0,0,0,,0,"original_feeding_group: Thursday, used_for: , feeding_week: 2 ,misc_notes: , pm_external: , pm_internal: 0, death_notes: "
303,2023-08-11,13,f,21.37,16.61,0000-00-00,,0,0000-00-00,0,0,0,0,0,,0,"original_feeding_group: Thursday, used_for: , feeding_week: 2 ,misc_notes: , pm_external: , pm_internal: 0, death_notes: "
304,2023-08-11,7,f,22.92,18.45,0000-00-00,,0,0000-00-00,0,0,0,0,0,,0,"original_feeding_group: Thursday, used_for: , feeding_week: 2 ,misc_notes: , pm_external: , pm_internal: 0, death_notes: "
305,2023-08-11,2,f,21.64,17.78,0000-00-00,,0,0000-00-00,0,0,0,0,0,,0,"original_feeding_group: Thursday, used_for: , feeding_week: 2 ,misc_notes: , pm_external: , pm_internal: 0, death_notes: "
306,2023-08-11,1,f,23.57,18.5,0000-00-00,,0,0000-00-00,0,0,0,0,0,,0,"original_feeding_group: Thursday, used_for: , feeding_week: 2 ,misc_notes: , pm_external: , pm_internal: 0, death_notes: "
307,2023-08-11,1,f,23.13,18.45,0000-00-00,,0,0000-00-00,0,0,0,0,0,,0,"original_feeding_group: Thursday, used_for: , feeding_week: 2 ,misc_notes: , pm_external: , pm_internal: 0, death_notes: "
308,2023-08-11,40,f,21.13,17.09,0000-00-00,,0,0000-00-00,0,0,0,0,0,,0,"original_feeding_group: Thursday, used_for: , feeding_week: 2 ,misc_notes: , pm_external: , pm_internal: 0, death_notes: "
309,2023-08-11,37,f,25.69,20.75,0000-00-00,,0,0000-00-00,0,0,0,0,0,,0,"original_feeding_group: Thursday, used_for: , feeding_week: 2 ,misc_notes: , pm_external: , pm_internal: 0, death_notes: "
310,2023-08-11,32,f,21.12,17.21,0000-00-00,,0,0000-00-00,0,0,0,0,0,,0,"original_feeding_group: Thursday, used_for: , feeding_week: 2 ,misc_notes: , pm_external: , pm_internal: 0, death_notes: "
311,2023-08-11,7,m,21.64,17.34,0000-00-00,,0,0000-00-00,0,0,0,0,0,,0,"original_feeding_group: Monday, used_for: , feeding_week: 1 ,misc_notes: , pm_external: , pm_internal: 0, death_notes: "
312,2023-08-11,15,f,23.57,18.52,0000-00-00,,0,0000-00-00,0,0,0,0,0,,0,"original_feeding_group: Monday, used_for: , feeding_week: 1 ,misc_notes: , pm_external: , pm_internal: 0, death_notes: "
313,2023-08-11,17,m,23.45,18.89,0000-00-00,,0,0000-00-00,0,0,0,0,0,,0,"original_feeding_group: Monday, used_for: , feeding_week: 1 ,misc_notes: , pm_external: , pm_internal: 0, death_notes: "
314,2023-08-11,17,m,21.64,17.95,0000-00-00,,0,0000-00-00,0,0,0,0,0,,0,"original_feeding_group: Monday, used_for: , feeding_week: 1 ,misc_notes: , pm_external: , pm_internal: 0, death_notes: "
315,2023-08-11,24,f,25.67,20.21,0000-00-00,,0,0000-00-00,0,0,0,0,0,,0,"original_feeding_group: Monday, used_for: , feeding_week: 1 ,misc_notes: , pm_external: , pm_internal: 0, death_notes: "
316,2023-08-11,24,m,26.26,21.1,0000-00-00,,0,0000-00-00,0,0,0,0,0,,0,"original_feeding_group: Monday, used_for: , feeding_week: 1 ,misc_notes: , pm_external: , pm_internal: 0, death_notes: "
317,2023-08-11,22,m,27.19,21.55,0000-00-00,,0,0000-00-00,0,0,0,0,0,,0,"original_feeding_group: Monday, used_for: , feeding_week: 1 ,misc_notes: , pm_external: , pm_internal: 0, death_notes: "
318,2023-08-11,21,m,21.72,17.59,0000-00-00,,0,0000-00-00,0,0,0,0,0,,0,"original_feeding_group: Monday, used_for: , feeding_week: 1 ,misc_notes: , pm_external: , pm_internal: 0, death_notes: "
319,2023-08-11,11,f,22.4,18.11,0000-00-00,,0,0000-00-00,0,0,0,0,0,,0,"original_feeding_group: Monday, used_for: , feeding_week: 1 ,misc_notes: , pm_external: , pm_internal: 0, death_notes: "
320,2023-08-11,13,m,25.29,20.92,0000-00-00,,0,0000-00-00,0,0,0,0,0,,0,"original_feeding_group: Monday, used_for: , feeding_week: 1 ,misc_notes: , pm_external: , pm_internal: 0, death_notes: "
321,2023-08-11,18,m,25.82,21.15,0000-00-00,,0,0000-00-00,0,0,0,0,0,,0,"original_feeding_group: Monday, used_for: , feeding_week: 1 ,misc_notes: , pm_external: , pm_internal: 0, death_notes: "
322,2023-08-11,26,m,23.6,18.64,0000-00-00,,0,0000-00-00,0,0,0,0,0,,0,"original_feeding_group: Monday, used_for: , feeding_week: 1 ,misc_notes: , pm_external: , pm_internal: 0, death_notes: "
324,2023-08-11,29,m,20.35,15.98,0000-00-00,,0,0000-00-00,0,0,0,0,0,,0,"original_feeding_group: Monday, used_for: , feeding_week: 1 ,misc_notes: , pm_external: , pm_internal: 0, death_notes: "
325,2023-08-11,28,f,25.4,21,0000-00-00,,0,0000-00-00,0,0,0,0,0,,0,"original_feeding_group: Monday, used_for: , feeding_week: 1 ,misc_notes: , pm_external: , pm_internal: 0, death_notes: "
326,2023-08-14,35,m,27.23,20.51,0000-00-00,,0,0000-00-00,0,0,0,0,0,,0,"original_feeding_group: Monday, used_for: , feeding_week: 1 ,misc_notes: , pm_external: , pm_internal: 0, death_notes: "
327,2023-08-14,38,f,23.39,18.66,0000-00-00,,0,0000-00-00,0,0,0,0,0,,0,"original_feeding_group: Thursday, used_for: , feeding_week: 2 ,misc_notes: , pm_external: , pm_internal: 0, death_notes: "
328,2023-08-14,39,f,22.17,17.05,0000-00-00,,0,0000-00-00,0,0,0,0,0,,0,"original_feeding_group: Monday, used_for: , feeding_week: 1 ,misc_notes: , pm_external: , pm_internal: 0, death_notes: "
329,2023-08-14,11,f,21.05,17.09,0000-00-00,,0,0000-00-00,0,0,0,0,0,,0,"original_feeding_group: Thursday, used_for: , feeding_week: 2 ,misc_notes: , pm_external: , pm_internal: 0, death_notes: "
331,2023-08-14,2,f,24.48,17.71,0000-00-00,,0,0000-00-00,0,0,0,0,0,,0,"original_feeding_group: Monday, used_for: , feeding_week: 1 ,misc_notes: , pm_external: , pm_internal: 0, death_notes: "
332,2023-08-14,7,f,21.54,16.78,0000-00-00,,0,0000-00-00,0,0,0,0,0,,0,"original_feeding_group: Thursday, used_for: , feeding_week: 2 ,misc_notes: , pm_external: , pm_internal: 0, death_notes: "
333,2023-08-14,9,f,20.87,15.47,0000-00-00,,0,0000-00-00,0,0,0,0,0,,0,"original_feeding_group: Thursday, used_for: , feeding_week: 2 ,misc_notes: , pm_external: , pm_internal: 0, death_notes: "
334,2023-08-14,8,m,23.44,19.18,0000-00-00,,0,0000-00-00,0,0,0,0,0,,0,"original_feeding_group: Thursday, used_for: , feeding_week: 2 ,misc_notes: , pm_external: , pm_internal: 0, death_notes: "
335,2023-08-14,3,f,20.89,16.81,0000-00-00,,0,0000-00-00,0,0,0,0,0,,0,"original_feeding_group: Thursday, used_for: , feeding_week: 2 ,misc_notes: , pm_external: , pm_internal: 0, death_notes: "
337,2023-08-14,4,f,22.07,16.76,0000-00-00,,0,0000-00-00,0,0,0,0,0,,0,"original_feeding_group: Thursday, used_for: , feeding_week: 2 ,misc_notes: , pm_external: , pm_internal: 0, death_notes: "
338,2023-08-14,7,m,24.81,20.06,0000-00-00,,0,0000-00-00,0,0,0,0,0,,0,"original_feeding_group: Thursday, used_for: , feeding_week: 2 ,misc_notes: , pm_external: , pm_internal: 0, death_notes: "
339,2023-08-14,10,f,21.04,15.73,0000-00-00,,0,0000-00-00,0,0,0,0,0,,0,"original_feeding_group: Thursday, used_for: , feeding_week: 2 ,misc_notes: , pm_external: , pm_internal: 0, death_notes: "
340,2023-08-14,7,f,18.65,15.11,0000-00-00,,0,0000-00-00,0,0,0,0,0,,0,"original_feeding_group: Thursday, used_for: , feeding_week: 2 ,misc_notes: , pm_external: , pm_internal: 0, death_notes: "
341,2023-08-28,39,f,20.66,16.33,0000-00-00,,0,0000-00-00,0,0,0,0,0,,0,"original_feeding_group: Monday, used_for: , feeding_week: 1 ,misc_notes: , pm_external: , pm_internal: 0, death_notes: "
342,2023-08-28,30,f,21.9,17.39,0000-00-00,,0,0000-00-00,0,0,0,0,0,,0,"original_feeding_group: Monday, used_for: , feeding_week: 1 ,misc_notes: , pm_external: , pm_internal: 0, death_notes: "
344,2023-08-28,37,f,26.33,20.46,0000-00-00,,0,0000-00-00,0,0,0,0,0,,0,"original_feeding_group: Monday, used_for: , feeding_week: 1 ,misc_notes: , pm_external: , pm_internal: 0, death_notes: "
345,2023-08-14,15,f,24.86,19.31,0000-00-00,,0,0000-00-00,0,0,0,0,0,,0,"original_feeding_group: Monday, used_for: , feeding_week: 1 ,misc_notes: , pm_external: , pm_internal: 0, death_notes: "
346,2023-08-14,40,f,26.56,21.02,0000-00-00,,0,0000-00-00,0,0,0,0,0,,0,"original_feeding_group: Monday, used_for: , feeding_week: 1 ,misc_notes: , pm_external: , pm_internal: 0, death_notes: "
347,2023-08-14,24,f,24.42,19.72,0000-00-00,,0,0000-00-00,0,0,0,0,0,,0,"original_feeding_group: Monday, used_for: , feeding_week: 1 ,misc_notes: , pm_external: , pm_internal: 0, death_notes: "
348,2023-08-14,29,m,22.87,17.71,0000-00-00,,0,0000-00-00,0,0,0,0,0,,0,"original_feeding_group: Monday, used_for: , feeding_week: 1 ,misc_notes: , pm_external: , pm_internal: 0, death_notes: "
350,2023-08-14,23,f,21.61,16.59,0000-00-00,,0,0000-00-00,0,0,0,0,0,,0,"original_feeding_group: Monday, used_for: , feeding_week: 1 ,misc_notes: , pm_external: , pm_internal: 0, death_notes: "
351,2023-08-14,35,m,26,20.9,0000-00-00,,0,0000-00-00,0,0,0,0,0,,0,"original_feeding_group: Monday, used_for: , feeding_week: 1 ,misc_notes: , pm_external: , pm_internal: 0, death_notes: "
352,2023-08-14,1,f,26.53,21.22,0000-00-00,,0,0000-00-00,0,0,0,0,0,,0,"original_feeding_group: Thursday, used_for: , feeding_week: 2 ,misc_notes: , pm_external: , pm_internal: 0, death_notes: "
355,2023-08-14,33,f,20.2,14.88,0000-00-00,,0,0000-00-00,0,0,0,0,0,,0,"original_feeding_group: Monday, used_for: , feeding_week: 1 ,misc_notes: , pm_external: , pm_internal: 0, death_notes: "
356,2023-08-14,32,m,26.54,20.39,0000-00-00,,0,0000-00-00,0,0,0,0,0,,0,"original_feeding_group: Thursday, used_for: , feeding_week: 2 ,misc_notes: , pm_external: , pm_internal: 0, death_notes: "
357,2023-08-14,3,f,22.91,18.13,0000-00-00,,0,0000-00-00,0,0,0,0,0,,0,"original_feeding_group: Thursday, used_for: , feeding_week: 2 ,misc_notes: , pm_external: , pm_internal: 0, death_notes: "
358,2023-08-14,2,f,26.67,20.13,0000-00-00,,0,0000-00-00,0,0,0,0,0,,0,"original_feeding_group: Thursday, used_for: , feeding_week: 2 ,misc_notes: , pm_external: , pm_internal: 0, death_notes: "
359,2023-08-14,7,f,22.67,16.85,0000-00-00,,0,0000-00-00,0,0,0,0,0,,0,"original_feeding_group: Thursday, used_for: , feeding_week: 2 ,misc_notes: , pm_external: , pm_internal: 0, death_notes: "
360,2023-08-14,5,f,27.34,21.34,0000-00-00,,0,0000-00-00,0,0,0,0,0,,0,"original_feeding_group: Thursday, used_for: , feeding_week: 2 ,misc_notes: , pm_external: , pm_internal: 0, death_notes: "
361,2023-08-14,14,f,23.55,18.25,0000-00-00,,0,0000-00-00,0,0,0,0,0,,0,"original_feeding_group: Monday, used_for: , feeding_week: 1 ,misc_notes: , pm_external: , pm_internal: 0, death_notes: "
362,2023-08-14,14,f,22.66,17.67,0000-00-00,,0,0000-00-00,0,0,0,0,0,,0,"original_feeding_group: Monday, used_for: , feeding_week: 1 ,misc_notes: , pm_external: , pm_internal: 0, death_notes: "
365,2023-08-14,14,f,20.83,15.96,0000-00-00,,0,0000-00-00,0,0,0,0,0,,0,"original_feeding_group: Monday, used_for: , feeding_week: 1 ,misc_notes: , pm_external: , pm_internal: 0, death_notes: "
366,2023-08-14,15,f,20.4,15.34,0000-00-00,,0,0000-00-00,0,0,0,0,0,,0,"original_feeding_group: Monday, used_for: , feeding_week: 1 ,misc_notes: , pm_external: , pm_internal: 0, death_notes: "
367,2023-08-14,19,f,23.22,18.29,0000-00-00,,0,0000-00-00,0,0,0,0,0,,0,"original_feeding_group: Monday, used_for: , feeding_week: 1 ,misc_notes: , pm_external: , pm_internal: 0, death_notes: "
368,2023-08-14,19,f,24.69,19.66,0000-00-00,,0,0000-00-00,0,0,0,0,0,,0,"original_feeding_group: Monday, used_for: , feeding_week: 1 ,misc_notes: , pm_external: , pm_internal: 0, death_notes: "
370,2023-08-14,18,m,22.74,18.34,0000-00-00,,0,0000-00-00,0,0,0,0,0,,0,"original_feeding_group: Monday, used_for: , feeding_week: 1 ,misc_notes: , pm_external: , pm_internal: 0, death_notes: "
371,2023-08-14,1,f,21.46,16.61,0000-00-00,,0,0000-00-00,0,0,0,0,0,,0,"original_feeding_group: Monday, used_for: , feeding_week: 1 ,misc_notes: , pm_external: , pm_internal: 0, death_notes: "
372,2023-08-14,1,m,22.55,17.5,0000-00-00,,0,0000-00-00,0,0,0,0,0,,0,"original_feeding_group: Monday, used_for: , feeding_week: 1 ,misc_notes: , pm_external: , pm_internal: 0, death_notes: "
377,2023-08-16,10,f,23.15,18.32,0000-00-00,,0,0000-00-00,0,0,0,0,0,,0,"original_feeding_group: Monday, used_for: , feeding_week: 1 ,misc_notes: , pm_external: , pm_internal: 0, death_notes: "
378,2023-08-16,13,f,21.36,17.01,0000-00-00,,0,0000-00-00,0,0,0,0,0,,0,"original_feeding_group: Monday, used_for: , feeding_week: 1 ,misc_notes: , pm_external: , pm_internal: 0, death_notes: "
379,2023-08-16,15,f,26.9,21.23,0000-00-00,,0,0000-00-00,0,0,0,0,0,,0,"original_feeding_group: Monday, used_for: , feeding_week: 1 ,misc_notes: , pm_external: , pm_internal: 0, death_notes: "
380,2023-08-16,19,m,29.28,23.44,0000-00-00,,0,0000-00-00,0,0,0,0,0,,0,"original_feeding_group: Monday, used_for: , feeding_week: 1 ,misc_notes: , pm_external: , pm_internal: 0, death_notes: "
381,2023-08-16,20,f,22.81,17.61,0000-00-00,,0,0000-00-00,0,0,0,0,0,,0,"original_feeding_group: Thursday, used_for: , feeding_week: 2 ,misc_notes: , pm_external: , pm_internal: 0, death_notes: "
382,2023-08-16,25,m,21.49,17.81,0000-00-00,,0,0000-00-00,0,0,0,0,0,,0,"original_feeding_group: Thursday, used_for: , feeding_week: 2 ,misc_notes: , pm_external: , pm_internal: 0, death_notes: "
384,2023-08-16,26,m,23.05,17.22,0000-00-00,,0,0000-00-00,0,0,0,0,0,,0,"original_feeding_group: Thursday, used_for: , feeding_week: 2 ,misc_notes: , pm_external: , pm_internal: 0, death_notes: "
385,2023-08-16,31,m,26.09,20.77,0000-00-00,,0,0000-00-00,0,0,0,0,0,,0,"original_feeding_group: Thursday, used_for: , feeding_week: 2 ,misc_notes: , pm_external: , pm_internal: 0, death_notes: "
388,2023-08-16,40,m,25.13,19.94,0000-00-00,,0,0000-00-00,0,0,0,0,0,,0,"original_feeding_group: Monday, used_for: , feeding_week: 1 ,misc_notes: , pm_external: , pm_internal: 0, death_notes: "
389,2023-08-16,40,f,25.33,20.64,0000-00-00,,0,0000-00-00,0,0,0,0,0,,0,"original_feeding_group: Thursday, used_for: , feeding_week: 2 ,misc_notes: , pm_external: , pm_internal: 0, death_notes: "
390,2023-08-16,40,f,26.28,19.96,0000-00-00,,0,0000-00-00,0,0,0,0,0,,0,"original_feeding_group: Thursday, used_for: , feeding_week: 2 ,misc_notes: , pm_external: , pm_internal: 0, death_notes: "
391,2023-08-19,1,f,21.86,17.12,0000-00-00,,0,0000-00-00,0,0,0,0,0,,0,"original_feeding_group: Thursday, used_for: , feeding_week: 2 ,misc_notes: , pm_external: , pm_internal: 0, death_notes: "
393,2023-08-19,35,m,25.83,19.95,0000-00-00,,0,0000-00-00,0,0,0,0,0,,0,"original_feeding_group: Monday, used_for: , feeding_week: 1 ,misc_notes: , pm_external: , pm_internal: 0, death_notes: "
395,2023-08-19,35,m,25.63,20.16,0000-00-00,,0,0000-00-00,0,0,0,0,0,,0,"original_feeding_group: Monday, used_for: , feeding_week: 1 ,misc_notes: , pm_external: , pm_internal: 0, death_notes: "
396,2023-08-19,33,f,25.19,19.78,0000-00-00,,0,0000-00-00,0,0,0,0,0,,0,"original_feeding_group: Monday, used_for: , feeding_week: 1 ,misc_notes: , pm_external: , pm_internal: 0, death_notes: "
397,2023-08-19,33,f,24.03,21.36,2023-08-31,DUG42,-18,0000-00-00,1,0,0,0,0,,0,"original_feeding_group: Monday, used_for: , feeding_week: 1 ,misc_notes: , pm_external: , pm_internal: 0, death_notes: "
398,2023-08-19,35,f,25.45,20.12,0000-00-00,,0,0000-00-00,0,0,0,0,0,,0,"original_feeding_group: Monday, used_for: , feeding_week:  ,misc_notes: , pm_external: , pm_internal: 0, death_notes: "
401,2023-08-19,3,m,24.84,20.14,0000-00-00,,0,0000-00-00,0,0,0,0,0,,0,"original_feeding_group: Thursday, used_for: , feeding_week: 2 ,misc_notes: , pm_external: , pm_internal: 0, death_notes: "
402,2023-08-19,26,f,28.48,20.19,0000-00-00,,0,0000-00-00,0,0,0,0,0,,0,"original_feeding_group: Thursday, used_for: , feeding_week: 2 ,misc_notes: , pm_external: , pm_internal: 0, death_notes: "
404,2023-08-19,21,f,23.09,17.77,0000-00-00,,0,0000-00-00,0,0,0,0,0,,0,"original_feeding_group: Thursday, used_for: , feeding_week: 2 ,misc_notes: , pm_external: , pm_internal: 0, death_notes: "
405,2023-08-19,20,f,20.42,16.01,0000-00-00,,0,0000-00-00,0,0,0,0,0,,0,"original_feeding_group: Thursday, used_for: , feeding_week: 2 ,misc_notes: , pm_external: , pm_internal: 0, death_notes: "
406,2023-08-19,20,f,25.1,20.33,0000-00-00,,0,0000-00-00,0,0,0,0,0,,0,"original_feeding_group: Thursday, used_for: , feeding_week: 2 ,misc_notes: , pm_external: , pm_internal: 0, death_notes: "
407,2023-08-19,25,f,24.27,19.9,0000-00-00,,0,0000-00-00,0,0,0,0,0,,0,"original_feeding_group: Thursday, used_for: , feeding_week: 2 ,misc_notes: , pm_external: , pm_internal: 0, death_notes: "
408,2023-08-19,17,f,22.72,18.36,0000-00-00,,0,0000-00-00,0,0,0,0,0,,0,"original_feeding_group: Thursday, used_for: , feeding_week: 2 ,misc_notes: , pm_external: , pm_internal: 0, death_notes: "
410,2023-08-19,12,m,19.83,14.81,0000-00-00,,0,0000-00-00,0,0,0,0,0,,0,"original_feeding_group: Thursday, used_for: , feeding_week: 2 ,misc_notes: , pm_external: , pm_internal: 0, death_notes: "
411,2023-08-19,5,f,27.07,20.58,0000-00-00,,0,0000-00-00,0,0,0,0,0,,0,"original_feeding_group: Thursday, used_for: , feeding_week: 2 ,misc_notes: , pm_external: , pm_internal: 0, death_notes: "
412,2023-08-19,17,f,24.1,18.93,0000-00-00,,0,0000-00-00,0,0,0,0,0,,0,"original_feeding_group: Thursday, used_for: , feeding_week: 2 ,misc_notes: , pm_external: , pm_internal: 0, death_notes: "
413,2023-08-21,11,f,25.69,20.81,0000-00-00,,0,0000-00-00,0,0,0,0,0,,0,"original_feeding_group: Monday, used_for: , feeding_week:  ,misc_notes: , pm_external: , pm_internal: 0, death_notes: "
414,2023-08-21,8,f,23.73,19.11,0000-00-00,,0,0000-00-00,0,0,0,0,0,,0,"original_feeding_group: Monday, used_for: , feeding_week:  ,misc_notes: , pm_external: , pm_internal: 0, death_notes: "
415,2023-08-21,23,m,25.32,20.24,0000-00-00,,0,0000-00-00,0,0,0,0,0,,0,"original_feeding_group: Monday, used_for: , feeding_week:  ,misc_notes: , pm_external: , pm_internal: 0, death_notes: "
417,2023-08-21,11,f,21.94,17.33,0000-00-00,,0,0000-00-00,0,0,0,0,0,,0,"original_feeding_group: Monday, used_for: , feeding_week:  ,misc_notes: , pm_external: , pm_internal: 0, death_notes: "
418,2023-08-21,10,f,24.55,19.3,0000-00-00,,0,0000-00-00,0,0,0,0,0,,0,"original_feeding_group: Monday, used_for: , feeding_week:  ,misc_notes: , pm_external: , pm_internal: 0, death_notes: "
419,2023-08-21,18,m,25.75,21,0000-00-00,,0,0000-00-00,0,0,0,0,0,,0,"original_feeding_group: Monday, used_for: , feeding_week:  ,misc_notes: , pm_external: , pm_internal: 0, death_notes: "
421,2023-08-21,9,f,25.56,20.18,0000-00-00,,0,0000-00-00,0,0,0,0,0,,0,"original_feeding_group: Monday, used_for: , feeding_week:  ,misc_notes: , pm_external: , pm_internal: 0, death_notes: "
422,2023-08-21,22,f,24.66,18.95,0000-00-00,,0,0000-00-00,0,0,0,0,0,,0,"original_feeding_group: Monday, used_for: , feeding_week:  ,misc_notes: , pm_external: , pm_internal: 0, death_notes: "
424,2023-08-21,9,f,27.08,21.32,0000-00-00,,0,0000-00-00,0,0,0,0,0,,0,"original_feeding_group: Monday, used_for: , feeding_week:  ,misc_notes: , pm_external: , pm_internal: 0, death_notes: "
425,2023-08-21,13,m,25.35,19.78,0000-00-00,,0,0000-00-00,0,0,0,0,0,,0,"original_feeding_group: Monday, used_for: , feeding_week:  ,misc_notes: , pm_external: , pm_internal: 0, death_notes: "
427,2023-08-21,19,f,24.42,19.58,0000-00-00,,0,0000-00-00,0,0,0,0,0,,0,"original_feeding_group: Monday, used_for: , feeding_week:  ,misc_notes: , pm_external: , pm_internal: 0, death_notes: "
428,2023-08-21,20,f,25.9,19.95,0000-00-00,,0,0000-00-00,0,0,0,0,0,,0,"original_feeding_group: Monday, used_for: , feeding_week: 1 ,misc_notes: , pm_external: , pm_internal: 0, death_notes: "
429,2023-08-21,19,f,21.24,16.13,0000-00-00,,0,0000-00-00,0,0,0,0,0,,0,"original_feeding_group: Monday, used_for: , feeding_week:  ,misc_notes: , pm_external: , pm_internal: 0, death_notes: "
430,2023-08-21,17,f,25.79,19.99,0000-00-00,,0,0000-00-00,0,0,0,0,0,,0,"original_feeding_group: Monday, used_for: , feeding_week:  ,misc_notes: , pm_external: , pm_internal: 0, death_notes: "
432,2023-08-21,9,m,24.98,19.52,0000-00-00,,0,0000-00-00,0,0,0,0,0,,0,"original_feeding_group: Monday, used_for: , feeding_week:  ,misc_notes: , pm_external: , pm_internal: 0, death_notes: "
434,2023-08-21,15,f,25.98,20.47,0000-00-00,,0,0000-00-00,0,0,0,0,0,,0,"original_feeding_group: Monday, used_for: , feeding_week:  ,misc_notes: , pm_external: , pm_internal: 0, death_notes: "
435,2023-08-21,19,f,25.34,19.42,0000-00-00,,0,0000-00-00,0,0,0,0,0,,0,"original_feeding_group: Monday, used_for: , feeding_week: 1 ,misc_notes: , pm_external: , pm_internal: 0, death_notes: "
436,2023-08-21,20,m,23.59,19.09,0000-00-00,,0,0000-00-00,0,0,0,0,0,,0,"original_feeding_group: Monday, used_for: , feeding_week: 1 ,misc_notes: , pm_external: , pm_internal: 0, death_notes: "
438,2023-08-21,38,m,24.85,19.42,0000-00-00,,0,0000-00-00,0,0,0,0,0,,0,"original_feeding_group: Monday, used_for: , feeding_week:  ,misc_notes: , pm_external: , pm_internal: 0, death_notes: "
439,2023-08-21,38,m,23.7,18.88,0000-00-00,,0,0000-00-00,0,0,0,0,0,,0,"original_feeding_group: Thursday, used_for: , feeding_week:  ,misc_notes: , pm_external: , pm_internal: 0, death_notes: "
440,2023-08-21,33,f,25.77,19.9,0000-00-00,,0,0000-00-00,0,0,0,0,0,,0,"original_feeding_group: Thursday, used_for: , feeding_week:  ,misc_notes: , pm_external: , pm_internal: 0, death_notes: "
442,2023-08-21,38,m,23.01,17.45,0000-00-00,,0,0000-00-00,0,0,0,0,0,,0,"original_feeding_group: Thursday, used_for: , feeding_week:  ,misc_notes: , pm_external: , pm_internal: 0, death_notes: "
443,2023-08-21,32,f,22.39,17.43,0000-00-00,,0,0000-00-00,0,0,0,0,0,,0,"original_feeding_group: Thursday, used_for: , feeding_week:  ,misc_notes: , pm_external: , pm_internal: 0, death_notes: "
447,2023-08-21,33,f,26.12,20.09,0000-00-00,,0,0000-00-00,0,0,0,0,0,,0,"original_feeding_group: Thursday, used_for: , feeding_week:  ,misc_notes: , pm_external: , pm_internal: 0, death_notes: "
448,2023-08-21,1,f,25.36,19.29,0000-00-00,,0,0000-00-00,0,0,0,0,0,,0,"original_feeding_group: Thursday, used_for: , feeding_week:  ,misc_notes: , pm_external: , pm_internal: 0, death_notes: "
450,2023-08-21,3,m,25.45,19.91,0000-00-00,,0,0000-00-00,0,0,0,0,0,,0,"original_feeding_group: Thursday, used_for: , feeding_week:  ,misc_notes: , pm_external: , pm_internal: 0, death_notes: "
452,2023-08-21,6,f,23.47,18.19,0000-00-00,,0,0000-00-00,0,0,0,0,0,,0,"original_feeding_group: Thursday, used_for: , feeding_week:  ,misc_notes: , pm_external: , pm_internal: 0, death_notes: "
453,2023-08-21,32,m,24.92,19.51,0000-00-00,,0,0000-00-00,0,0,0,0,0,,0,"original_feeding_group: Thursday, used_for: , feeding_week:  ,misc_notes: , pm_external: , pm_internal: 0, death_notes: "
455,2023-08-21,34,f,24.62,19,0000-00-00,,0,0000-00-00,0,0,0,0,0,,0,"original_feeding_group: Thursday, used_for: , feeding_week:  ,misc_notes: , pm_external: , pm_internal: 0, death_notes: "
456,2023-08-21,35,m,24.03,19.07,0000-00-00,,0,0000-00-00,0,0,0,0,0,,0,"original_feeding_group: Thursday, used_for: , feeding_week:  ,misc_notes: , pm_external: , pm_internal: 0, death_notes: "
457,2023-08-21,36,f,22.25,17.34,0000-00-00,,0,0000-00-00,0,0,0,0,0,,0,"original_feeding_group: Thursday, used_for: , feeding_week:  ,misc_notes: , pm_external: , pm_internal: 0, death_notes: "
458,2023-08-21,35,m,23.96,18.61,0000-00-00,,0,0000-00-00,0,0,0,0,0,,0,"original_feeding_group: Thursday, used_for: , feeding_week:  ,misc_notes: , pm_external: , pm_internal: 0, death_notes: "
459,2023-08-21,40,f,21.53,16.42,0000-00-00,,0,0000-00-00,0,0,0,0,0,,0,"original_feeding_group: Thursday, used_for: , feeding_week:  ,misc_notes: , pm_external: , pm_internal: 0, death_notes: "
460,2023-08-21,39,f,19.86,15.6,0000-00-00,,0,0000-00-00,0,0,0,0,0,,0,"original_feeding_group: Thursday, used_for: , feeding_week:  ,misc_notes: , pm_external: , pm_internal: 0, death_notes: "
461,2023-08-21,30,f,22.57,17.71,0000-00-00,,0,0000-00-00,0,0,0,0,0,,0,"original_feeding_group: Thursday, used_for: , feeding_week:  ,misc_notes: , pm_external: , pm_internal: 0, death_notes: "
462,2023-08-21,29,f,22.06,16.24,0000-00-00,,0,0000-00-00,0,0,0,0,0,,0,"original_feeding_group: Thursday, used_for: , feeding_week:  ,misc_notes: , pm_external: , pm_internal: 0, death_notes: "
463,2023-08-21,28,m,24.13,19.25,0000-00-00,,0,0000-00-00,0,0,0,0,0,,0,"original_feeding_group: Thursday, used_for: , feeding_week:  ,misc_notes: , pm_external: , pm_internal: 0, death_notes: "
464,2023-08-21,25,m,26.26,20.35,0000-00-00,,0,0000-00-00,0,0,0,0,0,,0,"original_feeding_group: Thursday, used_for: , feeding_week:  ,misc_notes: , pm_external: , pm_internal: 0, death_notes: "
465,2023-08-21,25,m,27.75,21.9,0000-00-00,,0,0000-00-00,0,0,0,0,0,,0,"original_feeding_group: Thursday, used_for: , feeding_week:  ,misc_notes: , pm_external: , pm_internal: 0, death_notes: "
467,2023-08-21,26,f,23.01,17.7,0000-00-00,,0,0000-00-00,0,0,0,0,0,,0,"original_feeding_group: Thursday, used_for: , feeding_week:  ,misc_notes: , pm_external: , pm_internal: 0, death_notes: "
468,2023-08-23,26,f,24.48,19.08,0000-00-00,,0,0000-00-00,0,0,0,0,0,,0,"original_feeding_group: Monday, used_for: , feeding_week:  ,misc_notes: , pm_external: , pm_internal: 0, death_notes: "
469,2023-08-23,6,f,24.73,19.33,0000-00-00,,0,0000-00-00,0,0,0,0,0,,0,"original_feeding_group: Monday, used_for: , feeding_week:  ,misc_notes: , pm_external: , pm_internal: 0, death_notes: "
470,2023-08-23,24,m,25.93,19.92,0000-00-00,,0,0000-00-00,0,0,0,0,0,,0,"original_feeding_group: Monday, used_for: , feeding_week:  ,misc_notes: , pm_external: , pm_internal: 0, death_notes: "
471,2023-08-23,16,f,26.54,20.92,0000-00-00,,0,0000-00-00,0,0,0,0,0,,0,"original_feeding_group: Monday, used_for: , feeding_week:  ,misc_notes: , pm_external: , pm_internal: 0, death_notes: "
472,2023-08-23,8,f,24.39,18.6,0000-00-00,,0,0000-00-00,0,0,0,0,0,,0,"original_feeding_group: Monday, used_for: , feeding_week:  ,misc_notes: , pm_external: , pm_internal: 0, death_notes: "
473,2023-08-23,23,f,22.39,16.91,0000-00-00,,0,0000-00-00,0,0,0,0,0,,0,"original_feeding_group: Monday, used_for: , feeding_week:  ,misc_notes: , pm_external: , pm_internal: 0, death_notes: "
474,2023-08-23,5,m,23.67,18.61,0000-00-00,,0,0000-00-00,0,0,0,0,0,,0,"original_feeding_group: Monday, used_for: , feeding_week:  ,misc_notes: , pm_external: , pm_internal: 0, death_notes: "
475,2023-08-23,12,f,26.65,20.66,0000-00-00,,0,0000-00-00,0,0,0,0,0,,0,"original_feeding_group: Monday, used_for: , feeding_week:  ,misc_notes: , pm_external: , pm_internal: 0, death_notes: "
476,2023-08-23,7,m,23.59,18.23,0000-00-00,,0,0000-00-00,0,0,0,0,0,,0,"original_feeding_group: Monday, used_for: , feeding_week:  ,misc_notes: , pm_external: , pm_internal: 0, death_notes: "
477,2023-08-23,1,m,25.37,19.61,0000-00-00,,0,0000-00-00,0,0,0,0,0,,0,"original_feeding_group: Thursday, used_for: , feeding_week:  ,misc_notes: , pm_external: , pm_internal: 0, death_notes: "
478,2023-08-23,1,m,24.11,18.95,0000-00-00,,0,0000-00-00,0,0,0,0,0,,0,"original_feeding_group: Thursday, used_for: , feeding_week:  ,misc_notes: , pm_external: , pm_internal: 0, death_notes: "
479,2023-08-23,32,m,26.24,20.84,0000-00-00,,0,0000-00-00,0,0,0,0,0,,0,"original_feeding_group: Thursday, used_for: , feeding_week:  ,misc_notes: , pm_external: , pm_internal: 0, death_notes: "
480,2023-08-23,36,f,22.16,17.05,0000-00-00,,0,0000-00-00,0,0,0,0,0,,0,"original_feeding_group: Thursday, used_for: , feeding_week:  ,misc_notes: , pm_external: , pm_internal: 0, death_notes: "
481,2023-08-23,33,f,26.57,19.98,0000-00-00,,0,0000-00-00,0,0,0,0,0,,0,"original_feeding_group: Thursday, used_for: , feeding_week:  ,misc_notes: , pm_external: , pm_internal: 0, death_notes: "
482,2023-08-23,35,f,25.62,20.03,0000-00-00,,0,0000-00-00,0,0,0,0,0,,0,"original_feeding_group: Thursday, used_for: , feeding_week:  ,misc_notes: , pm_external: , pm_internal: 0, death_notes: "
483,2023-08-23,39,f,24.01,18.2,0000-00-00,,0,0000-00-00,0,0,0,0,0,,0,"original_feeding_group: Thursday, used_for: , feeding_week:  ,misc_notes: , pm_external: , pm_internal: 0, death_notes: "
484,2023-08-23,39,f,25.08,20.07,0000-00-00,,0,0000-00-00,0,0,0,0,0,,0,"original_feeding_group: Thursday, used_for: , feeding_week:  ,misc_notes: , pm_external: , pm_internal: 0, death_notes: "
485,2023-08-23,35,m,23.23,17.19,0000-00-00,,0,0000-00-00,0,0,0,0,0,,0,"original_feeding_group: Thursday, used_for: , feeding_week:  ,misc_notes: , pm_external: , pm_internal: 0, death_notes: "
486,2023-08-23,40,f,22.31,17.54,0000-00-00,,0,0000-00-00,0,0,0,0,0,,0,"original_feeding_group: Thursday, used_for: , feeding_week:  ,misc_notes: , pm_external: , pm_internal: 0, death_notes: "
487,2023-08-23,40,f,26.87,21.38,0000-00-00,,0,0000-00-00,0,0,0,0,0,,0,"original_feeding_group: Thursday, used_for: , feeding_week:  ,misc_notes: , pm_external: , pm_internal: 0, death_notes: "
53,2023-07-17,37,m,23.54,20.13,0000-00-00,,0,2023-07-26,0,0,0,0,0,,0,"original_feeding_group: Monday, used_for: , feeding_week: 1 ,misc_notes: , pm_external: , pm_internal: 0, death_notes: "
10,2023-07-09,40,m,24.91,19.76,0000-00-00,,0,2023-07-27,0,0,0,0,0,,0,"original_feeding_group: Monday, used_for: , feeding_week: 1 ,misc_notes: , pm_external: , pm_internal: 0, death_notes: "
24,2023-07-12,38,f,22.59,19.03,0000-00-00,,0,2023-07-27,0,0,0,0,0,,0,"original_feeding_group: Thursday, used_for: , feeding_week: 2 ,misc_notes: , pm_external: , pm_internal: 0, death_notes: "
60,2023-07-17,33,m,25.48,19.75,0000-00-00,,0,2023-07-27,0,0,0,0,0,,0,"original_feeding_group: , used_for: , feeding_week: na ,misc_notes: , pm_external: , pm_internal: 0, death_notes: "
89,2023-07-20,26,m,24.35,19.35,0000-00-00,,0,2023-07-27,0,0,0,0,0,,0,"original_feeding_group: , used_for: , feeding_week: na ,misc_notes: , pm_external: , pm_internal: 0, death_notes: "
70,2023-07-17,8,m,25.14,19.81,0000-00-00,,0,2023-08-01,0,0,0,0,0,,0,"original_feeding_group: Thursday, used_for: , feeding_week: 2 ,misc_notes: , pm_external: , pm_internal: 0, death_notes: "
102,2023-07-24,25,f,24.03,18.35,0000-00-00,,0,2023-08-01,0,0,0,0,0,,0,"original_feeding_group: , used_for: , feeding_week: na ,misc_notes: , pm_external: , pm_internal: 0, death_notes: "
122,2023-07-24,3,m,23.97,17.92,0000-00-00,,0,2023-08-01,0,0,0,0,0,,0,"original_feeding_group: , used_for: , feeding_week: na ,misc_notes: , pm_external: , pm_internal: 0, death_notes: "
125,2023-07-24,38,m,26.67,21.37,0000-00-00,,0,2023-08-07,0,0,0,0,0,,0,"original_feeding_group: , used_for: , feeding_week: na ,misc_notes: , pm_external: , pm_internal: 0, death_notes: Metarhizium (?) white fungal growth"
165,2023-07-29,34,m,0,0,0000-00-00,,0,2023-08-07,0,0,0,0,0,,0,"original_feeding_group: , used_for: , feeding_week: na ,misc_notes: , pm_external: , pm_internal: 0, death_notes: Metarhizium? (white fungal growth)"
5,2023-07-09,5,f,22.95,19.14,0000-00-00,,0,2023-08-10,0,0,0,0,0,,0,"original_feeding_group: Monday, used_for: , feeding_week: 1 ,misc_notes: , pm_external: , pm_internal: 0, death_notes: "
23,2023-07-12,40,m,23.55,18.6,0000-00-00,,0,2023-08-10,0,0,0,0,0,,0,"original_feeding_group: Thursday, used_for: , feeding_week: 2 ,misc_notes: , pm_external: , pm_internal: 0, death_notes: "
103,2023-07-24,19,f,20.15,15.25,0000-00-00,,0,2023-08-10,0,0,0,0,0,,0,"original_feeding_group: Monday, used_for: , feeding_week: 1 ,misc_notes: , pm_external: , pm_internal: 0, death_notes: Metarhizium? (white fungal growth)"
156,2023-07-29,3,f,23.13,18.3,0000-00-00,,0,2023-08-10,0,0,0,0,0,,0,"original_feeding_group: Monday, used_for: , feeding_week: 1 ,misc_notes: , pm_external: , pm_internal: 0, death_notes: "
3,2023-07-09,4,f,25.46,20.06,0000-00-00,,0,2023-08-14,0,0,0,0,0,,0,"original_feeding_group: Monday, used_for: , feeding_week: 1 ,misc_notes: , pm_external: , pm_internal: 0, death_notes: "
48,2023-07-17,37,f,25.08,18.34,0000-00-00,,0,2023-08-14,0,0,0,0,0,,0,"original_feeding_group: Monday, used_for: , feeding_week: 1 ,misc_notes: , pm_external: , pm_internal: 0, death_notes: "
55,2023-07-17,34,m,21.63,17.59,0000-00-00,,0,2023-08-14,0,0,0,0,0,,0,"original_feeding_group: Monday, used_for: , feeding_week: 1 ,misc_notes: , pm_external: , pm_internal: 0, death_notes: "
168,2023-07-29,37,f,25.04,20.59,0000-00-00,,0,2023-08-14,0,0,0,0,0,,0,"original_feeding_group: Monday, used_for: , feeding_week: 1 ,misc_notes: , pm_external: , pm_internal: 0, death_notes: "
32,2023-07-14,34,m,25.99,20.86,2023-08-04,CONTROL,173,2023-08-15,1,0,0,0,0,AgR Team 202209,1,"original_feeding_group: Thursday, used_for: DUG42-2, feeding_week: 2 ,misc_notes: , pm_external: fungus? on rectum, pm_internal: midgut looks normal, death_notes: "
69,2023-07-17,7,f,27.46,21.43,2023-08-04,CONTROL,202,2023-08-15,1,0,1,0,0,AgR Team 202209,2,"original_feeding_group: Thursday, used_for: DUG42-2, feeding_week: 2 ,misc_notes: , pm_external: fungus? apperaring between abdominal segments; nematodes, pm_internal: eggs, death_notes: "
27,2023-07-14,0,m,25.11,20.09,2023-07-31,DUG42,0,2023-08-16,1,1,1,0,1,AgR Team 202209,3,"original_feeding_group: Thursday, used_for: DUG42-1, feeding_week: 2 ,misc_notes: , pm_external: mites and nematodes, pm_internal: looks lie OrNV+; photo taken, death_notes: "
29,2023-07-14,0,f,20.95,16.13,0000-00-00,,0,2023-08-17,0,0,0,0,0,,0,"original_feeding_group: Thursday, used_for: , feeding_week: 2 ,misc_notes: , pm_external: , pm_internal: 0, death_notes: "
112,2023-07-24,19,f,21.56,17.01,0000-00-00,,0,2023-08-17,0,0,0,0,0,,0,"original_feeding_group: Thursday, used_for: , feeding_week: 2 ,misc_notes: , pm_external: , pm_internal: 0, death_notes: "
179,2023-07-31,2,f,21.63,16.56,0000-00-00,,0,2023-08-17,0,0,0,0,0,,0,"original_feeding_group: Monday, used_for: , feeding_week: 1 ,misc_notes: , pm_external: , pm_internal: 0, death_notes: "
267,2023-08-08,6,f,25.04,18.64,0000-00-00,,0,2023-08-17,0,0,0,0,0,,0,"original_feeding_group: Thursday, used_for: , feeding_week: 2 ,misc_notes: , pm_external: , pm_internal: 0, death_notes: "
22,2023-07-12,33,f,21.52,18.38,2023-08-15,CONTROL,149,2023-08-20,1,1,1,0,0,AgR Team 202209,7,"original_feeding_group: Thursday, used_for: , feeding_week: 2 ,misc_notes: , pm_external: nematodes and mites, pm_internal: , death_notes: "
71,2023-07-17,4,m,26.38,21.12,2023-08-15,X2B,80,2023-08-20,1,0,1,0,0,AgR Team 202209,5,"original_feeding_group: Thursday, used_for: , feeding_week: 2 ,misc_notes: , pm_external: nematodes on last abdominal segment, pm_internal: midgut normal, death_notes: "
72,2023-07-20,1,m,24.12,19.32,2023-08-04,CONTROL,23,2023-08-20,1,0,1,0,1,AgR Team 202209,6,"original_feeding_group: Thursday, used_for: DUG42-2, feeding_week: 2 ,misc_notes: , pm_external: massive number of nematodes, pm_internal: midgut normal; image taken, death_notes: "
144,2023-07-29,11,f,23.99,19.13,2023-08-15,X2B,107,2023-08-20,1,1,0,0,0,AgR Team 202209,4,"original_feeding_group: Thursday, used_for: , feeding_week: 2 ,misc_notes: , pm_external: very high mite population, pm_internal: possibly swollen, death_notes: "
162,2023-07-29,1,m,26.54,21.34,2023-08-15,DUG42,84,2023-08-20,1,0,1,0,0,,0,"original_feeding_group: Monday, used_for: , feeding_week: 1 ,misc_notes: , pm_external: nematode ""ropes"" under wings, pm_internal: all dried up; texture of bread; no gut sample taken, death_notes: "
37,2023-07-14,17,m,22.12,17.29,2023-08-04,DUG42,136,2023-08-22,1,1,1,0,1,AgR Team 202209,9,"original_feeding_group: Thursday, used_for: DUG42-2, feeding_week: 2 ,misc_notes: , pm_external: mites and nematodes, pm_internal: nematodes inside head capsule; midgut swollen - greenish; im, death_notes: "
44,2023-07-17,32,f,22.16,17.87,2023-07-31,CONTROL,0,2023-08-22,1,0,0,0,0,AgR Team 202209,8,"original_feeding_group: Monday, used_for: DUG42-1, feeding_week: 1 ,misc_notes: , pm_external: heart still beating, pm_internal: extremely tiny midgut, death_notes: "
14,2023-07-12,21,m,24.95,18.93,0000-00-00,,0,2023-08-23,0,0,0,0,0,,0,"original_feeding_group: Monday, used_for: , feeding_week: 1 ,misc_notes: , pm_external: , pm_internal: 0, death_notes: "
30,2023-07-14,5,m,24.41,20.23,0000-00-00,,0,2023-08-23,0,0,0,0,0,,0,"original_feeding_group: Thursday, used_for: , feeding_week: 2 ,misc_notes: , pm_external: , pm_internal: 0, death_notes: "
46,2023-07-17,34,f,25.29,19.96,2023-08-04,CONTROL,184,2023-08-24,1,0,0,1,0,AgR Team 202209,10,"original_feeding_group: Monday, used_for: DUG42-2, feeding_week: 1 ,misc_notes: , pm_external: heartbeat, pm_internal: midgut normal; eggs, death_notes: "
85,2023-07-20,20,f,22.78,18.34,0000-00-00,,0,2023-08-24,0,0,0,0,0,,0,"original_feeding_group: Monday, used_for: , feeding_week: 1 ,misc_notes: , pm_external: , pm_internal: 0, death_notes: "
196,2023-07-31,12,m,27.04,22.1,2023-08-24,DUG42,12,2023-08-25,1,1,0,1,1,AgR Team 202209,11,"original_feeding_group: Monday, used_for: , feeding_week: 1 ,misc_notes: , pm_external: mites; heartbeat, pm_internal: midgut swoolen; looks like frog eggs; image, death_notes: "
200,2023-07-31,11,f,26.99,21.13,2023-08-15,CONTROL,99,2023-08-25,1,0,1,1,0,AgR Team 202209,12,"original_feeding_group: Monday, used_for: , feeding_week: 1 ,misc_notes: , pm_external: , pm_internal: 0, death_notes: "
49,2023-07-17,35,f,25.89,19.62,2023-07-31,DUG42,0,2023-08-26,1,0,1,1,1,AgR Team 202209,13,"original_feeding_group: Monday, used_for: DUG42-1, feeding_week: 1 ,misc_notes: , pm_external: nematodes; heartbeat, pm_internal: very tiny gut; image, death_notes: "
118,2023-07-24,21,m,23.75,19.14,2023-08-24,PNG,99,2023-08-26,1,0,0,1,0,AgR Team 202209,14,"original_feeding_group: Thursday, used_for: , feeding_week: 2 ,misc_notes: , pm_external: heartbeat, pm_internal: gut swollen; greenish; image, death_notes: "
124,2023-07-24,40,f,22.78,17.34,2023-08-15,CONTROL,28,2023-08-26,1,0,0,0,0,,0,"original_feeding_group: Monday, used_for: , feeding_week: 1 ,misc_notes: , pm_external: , pm_internal: very dried up; bread texture; no tissue sample taken, death_notes: "
18,2023-07-12,34,m,20.65,15.68,2023-08-15,CONTROL,148,2023-08-28,1,0,0,0,0,AgR Team 202209,16,"original_feeding_group: Thursday, used_for: , feeding_week: 2 ,misc_notes: , pm_external: very heavy mites; fungus, pm_internal: gut normal, death_notes: "
20,2023-07-12,19,f,24.63,18.49,2023-07-31,CONTROL,0,2023-08-28,1,0,0,0,0,AgR Team 202209,15,"original_feeding_group: Thursday, used_for: DUG42-1, feeding_week: 2 ,misc_notes: , pm_external: , pm_internal: normal gut, death_notes: "
67,2023-07-17,1,f,23.94,18.84,2023-08-24,X2B,81,2023-08-28,1,0,0,0,0,AgR Team 202209,18,"original_feeding_group: Thursday, used_for: , feeding_week: 2 ,misc_notes: , pm_external: many nematodes on bottom of abdomen and beneath elytra, pm_internal: gut normal, death_notes: "
154,2023-07-29,31,m,24.78,19.53,2023-08-24,PNG,81,2023-08-28,1,0,0,0,0,AgR Team 202209,17,"original_feeding_group: Monday, used_for: , feeding_week: 1 ,misc_notes: , pm_external: , pm_internal: gut normal, death_notes: "
2,2023-07-09,1,m,21.36,17.57,2023-08-24,CONTROL,94,2023-08-29,1,0,0,0,0,,0,"original_feeding_group: Monday, used_for: , feeding_week: 1 ,misc_notes: , pm_external: fungus? on abdomen, pm_internal: guts rotten; no sample taken, death_notes: "
33,2023-07-14,23,m,23.97,19.58,2023-08-04,DUG42,17,2023-08-29,1,0,1,1,0,AgR Team 202209,19,"original_feeding_group: Thursday, used_for: DUG42-2, feeding_week: 2 ,misc_notes: , pm_external: heartbeat; nematodes on ventral and dorsal abdomen, pm_internal: gut swollen; greenish tubes, death_notes: "
40,2023-07-17,40,m,24.56,19.75,2023-08-24,V23B,71,2023-08-29,1,0,1,0,0,AgR Team 202209,20,"original_feeding_group: Monday, used_for: , feeding_week: 1 ,misc_notes: , pm_external: many nematodes on bottom of abdomen and beneath elytra, pm_internal: gut swollen; greenish; image; nematodes on surface of midgut, death_notes: "
80,2023-07-20,34,m,26.06,21.14,2023-08-04,DUG42,184,2023-08-30,1,0,1,1,0,AgR Team 202209,23,"original_feeding_group: Thursday, used_for: DUG42-2, feeding_week: 2 ,misc_notes: , pm_external: , pm_internal: 0, death_notes: "
93,2023-07-20,40,f,21.82,17.11,2023-07-31,CONTROL,0,2023-08-30,1,1,1,0,0,AgR Team 202209,21,"original_feeding_group: Monday, used_for: DUG42-1, feeding_week: 1 ,misc_notes: , pm_external: , pm_internal: 0, death_notes: "
129,2023-07-24,2,f,23.67,18.72,2023-08-15,V23B,190,2023-08-30,1,0,1,1,0,AgR Team 202209,22,"original_feeding_group: Monday, used_for: , feeding_week: 1 ,misc_notes: , pm_external: , pm_internal: 0, death_notes: "
64,2023-07-17,23,f,26.69,21.26,2023-07-31,DUG42,0,2023-08-31,1,1,1,0,1,AgR Team 202209,24,"original_feeding_group: Thursday, used_for: DUG42-1, feeding_week: 2 ,misc_notes: , pm_external: , pm_internal: 0, death_notes: "
147,2023-07-29,19,m,22.1,16.99,2023-08-15,DUG42,113,2023-08-31,1,0,1,0,0,AgR Team 202209,25,"original_feeding_group: Thursday, used_for: , feeding_week: 2 ,misc_notes: , pm_external: , pm_internal: 0, death_notes: guts rotten"
273,2023-08-08,32,f,22.62,17.27,2023-08-24,DUG42,176,2023-08-31,1,0,0,1,1,AgR Team 202209,26,"original_feeding_group: Thursday, used_for: , feeding_week: 2 ,misc_notes: , pm_external: , pm_internal: 0, death_notes: "
35,2023-07-14,5,m,23.06,17.89,2023-08-04,CONTROL,205,2023-09-01,1,1,0,1,1,AgR Team 202209,28,"original_feeding_group: Thursday, used_for: DUG42-2, feeding_week: 2 ,misc_notes: , pm_external: , pm_internal: 0, death_notes: "
41,2023-07-17,38,m,22.53,17.99,2023-08-15,CONTROL,52,2023-09-01,1,0,1,1,1,AgR Team 202209,29,"original_feeding_group: Monday, used_for: , feeding_week: 1 ,misc_notes: , pm_external: , pm_internal: 0, death_notes: "
109,2023-07-24,17,f,24.25,18.98,2023-08-24,CONTROL,164,2023-09-01,1,0,1,1,1,AgR Team 202209,27,"original_feeding_group: Thursday, used_for: , feeding_week: 2 ,misc_notes: , pm_external: , pm_internal: 0, death_notes: "
130,2023-07-24,35,f,26.44,20.86,2023-08-04,DUG42,9,2023-09-01,1,0,1,1,1,AgR Team 202209,30,"original_feeding_group: Monday, used_for: DUG42-2, feeding_week: 1 ,misc_notes: , pm_external: , pm_internal: 0, death_notes: "
42,2023-07-17,35,f,26.19,20.52,2023-08-15,X2B,182,2023-09-03,1,0,1,0,1,AgR Team 202209,34,nan
45,2023-07-17,35,f,23.38,18.12,2023-07-31,DUG42,0,2023-09-03,1,0,1,0,1,,0,guts rotten
54,2023-07-17,20,f,25.09,19.27,2023-08-15,PNG,234,2023-09-03,1,0,1,1,1,AgR Team 202209,33,nan
73,2023-07-20,8,f,25.49,20.54,2023-08-04,DUG42,3,2023-09-03,1,1,1,0,1,AgR Team 202209,31,everted rectum; nematodes inside abdomen
94,2023-07-20,1,f,10.87,16.12,2023-07-31,DUG42,0,2023-09-03,1,0,1,0,1,,0,guts rotten; abdomen full of nematodes
95,2023-07-20,8,f,23.42,18.31,2023-08-24,CONTROL,90,2023-09-03,1,1,0,0,1,AgR Team 202209,36,nan
126,2023-07-24,4,f,23.31,18.44,2023-08-15,PNG,110,2023-09-03,1,0,1,0,1,AgR Team 202209,35,nematodes inside abdomen
170,2023-07-29,36,m,23.1,18.3,2023-08-24,V23B,133,2023-09-03,1,0,0,0,1,AgR Team 202209,38,nan
180,2023-07-31,12,m,28.98,20.79,2023-08-15,V23B,208,2023-09-03,1,1,0,0,0,,0,guts totally rotten
195,2023-07-31,1,f,25.56,20.15,2023-08-15,PNG,13,2023-09-03,1,0,1,0,1,,0,fungus on antenna; guts dried up; bread texture
203,2023-07-31,19,f,21.55,16.3,2023-08-24,X2B,81,2023-09-03,1,0,0,0,1,AgR Team 202209,37,nan
207,2023-08-02,3,m,22.98,18.52,2023-08-15,CONTROL,78,2023-09-03,1,0,1,0,0,AgR Team 202209,32,nan
19,2023-07-12,17,f,24.36,19.69,2023-08-15,X2B,95,2023-09-04,1,0,1,0,1,AgR Team 202209,41,nan
21,2023-07-12,16,m,25.23,19.35,2023-07-31,DUG42,0,2023-09-04,1,0,1,1,1,AgR Team 202209,45,prolapsed rectum
34,2023-07-14,8,m,24.26,20.27,2023-07-31,CONTROL,0,2023-09-04,1,1,0,0,1,AgR Team 202209,39,nan
66,2023-07-17,4,f,23.93,19.54,2023-08-24,V23B,35,2023-09-04,1,0,1,0,1,AgR Team 202209,42,yellowish ooze on tip of abdomen
83,2023-07-20,20,m,24.48,19.68,2023-08-15,V23B,143,2023-09-04,1,0,1,1,1,AgR Team 202209,46, 
120,2023-07-24,40,f,23.08,17.82,2023-08-15,V23B,136,2023-09-04,1,1,0,0,1,AgR Team 202209,43,bad mite infection
136,2023-07-24,1,f,25.42,20.34,2023-08-15,DUG42,202,2023-09-04,1,0,0,0,1,AgR Team 202209,40,nan
152,2023-07-29,4,m,24.88,19.12,2023-08-24,X2B,121,2023-09-04,1,0,0,1,1,AgR Team 202209,44,nan
114,2023-07-24,23,m,24.2,19.45,2023-08-15,PNG,77,2023-09-05,1,0,1,1,1,AgR Team 202209,48,"original_feeding_group: Thursday, used_for: , feeding_week: 2 ,misc_notes: , pm_external: , pm_internal: 0, death_notes: "
138,2023-07-24,32,m,23.16,19.2,2023-08-24,CONTROL,50,2023-09-05,1,0,0,0,1,AgR Team 202209,47,"original_feeding_group: Thursday, used_for: , feeding_week: 2 ,misc_notes: , pm_external: , pm_internal: 0, death_notes: "
176,2023-07-31,17,f,18.34,14.38,2023-08-31,DUG42,89,2023-09-05,1,0,1,0,0,,0,"original_feeding_group: Thursday, used_for: , feeding_week: 2 ,misc_notes: , pm_external: , pm_internal: 0, death_notes:guts totally rotten; no samples taken; nematodes inside abdomen "
117,2023-07-24,20,m,24.97,20.25,2023-08-04,CONTROL,101,2023-09-06,1,0,0,1,1,AgR Team 202209,49,"original_feeding_group: Thursday, used_for: DUG42-2, feeding_week: 2 ,misc_notes: , pm_external: , pm_internal: 0, death_notes: "
132,2023-07-24,35,f,24.94,19.15,2023-08-04,DUG42,39,2023-09-06,1,0,1,1,1,AgR Team 202209,50,"original_feeding_group: Monday, used_for: DUG42-2, feeding_week: 1 ,misc_notes: , pm_external: , pm_internal: 0, death_notes: "
79,2023-07-20,6,m,20.79,15.55,2023-08-04,CONTROL,2,2023-09-07,1,0,0,1,1,GUAM 202309,51,"original_feeding_group: Thursday, used_for: DUG42-2, feeding_week: 2 ,misc_notes: , pm_external: , pm_internal: 0, death_notes: "
63,2023-07-17,4,m,27.17,21.73,2023-07-31,CONTROL,0,2023-09-08,1,0,0,1,1,none,53,"original_feeding_group: Thursday, used_for: DUG42-1, feeding_week: 2 ,misc_notes: , pm_external: , pm_internal: 0, death_notes: yellow ooze on abdomen"
97,2023-07-20,38,m,23.75,18.8,2023-07-31,CONTROL,0,2023-09-08,1,0,1,1,1,none,52,"original_feeding_group: Monday, used_for: DUG42-1, feeding_week: 1 ,misc_notes: , pm_external: , pm_internal: 0, death_notes: "
206,2023-08-02,23,m,24.56,19.25,2023-08-15,X2B,0,2023-09-08,1,0,0,1,1,none,54,"original_feeding_group: Thursday, used_for: , feeding_week: 2 ,misc_notes: , pm_external: , pm_internal: 0, death_notes: "
75,2023-07-20,4,m,24.3,19.68,2023-08-24,DUG42,196,2023-09-10,1,1,1,1,1,none,58,many nematodes beneeath elytra
193,2023-07-31,31,f,24.97,19.99,2023-08-15,DUG42,33,2023-09-10,1,0,1,0,1,none,56, 
354,2023-08-14,1,f,24.91,19.64,2023-08-31,V23B,190,2023-09-10,1,0,1,0,1,none,57,nan
116,2023-07-24,8,m,23.97,19.07,2023-08-24,PNG,177,2023-09-12,1,1,0,1,1,none,60,nan
166,2023-07-29,38,m,25,20.44,2023-08-15,CONTROL,31,2023-09-12,1,1,1,1,1,none,59,nan
169,2023-07-29,31,f,22.18,17.22,2023-08-15,DUG42,40,2023-09-12,1,1,0,1,1,none,61,nan
110,2023-07-24,4,f,23.1,17.76,2023-08-15,DUG42,95,2023-09-14,1,0,0,0,1,none,64,"original_feeding_group: Thursday, used_for: , feeding_week: 2 ,misc_notes: , pm_external: , pm_internal: 0, death_notes: "
123,2023-07-24,38,m,23.78,18.53,2023-08-24,V23B,67,2023-09-14,1,0,1,1,1,none,67,"original_feeding_group: Monday, used_for: , feeding_week: 1 ,misc_notes: , pm_external: , pm_internal: 0, death_notes: "
164,2023-07-29,38,f,26.65,21.24,2023-08-24,X2B,108,2023-09-14,1,0,1,1,1,none,65,"original_feeding_group: Monday, used_for: , feeding_week: 1 ,misc_notes: , pm_external: , pm_internal: 0, death_notes: "
191,2023-07-31,1,f,24.2,18.51,2023-08-24,V23B,96,2023-09-14,1,0,1,1,1,none,66,"original_feeding_group: Monday, used_for: , feeding_week: 1 ,misc_notes: , pm_external: , pm_internal: 0, death_notes: nematode ropes under elytra"
211,2023-08-02,1,f,24.18,19.06,2023-08-24,PNG,83,2023-09-14,1,0,1,0,1,none,63,"original_feeding_group: Thursday, used_for: , feeding_week: 2 ,misc_notes: , pm_external: , pm_internal: 0, death_notes: "
227,2023-08-04,40,m,20.89,16.38,2023-08-31,X2B,112,2023-09-14,1,0,0,0,1,none,62,"original_feeding_group: Thursday, used_for: , feeding_week: 2 ,misc_notes: , pm_external: , pm_internal: 0, death_notes: "
52,2023-07-17,20,f,25.66,19.19,2023-07-31,DUG42,0,2023-09-15,1,0,1,0,1,none,69,"original_feeding_group: Monday, used_for: DUG42-1, feeding_week: 1 ,misc_notes: , pm_external: , pm_internal: 0, death_notes: "
121,2023-07-24,38,f,21.07,16.55,2023-08-15,DUG42,72,2023-09-15,1,0,0,1,1,none,70,"original_feeding_group: Thursday, used_for: , feeding_week: 2 ,misc_notes: , pm_external: , pm_internal: 0, death_notes: "
173,2023-07-29,36,f,22.9,18.07,2023-08-15,PNG,143,2023-09-15,1,1,0,1,1,GUAM 2023,1,"original_feeding_group: Thursday, used_for: , feeding_week: 2 ,misc_notes: , pm_external: , pm_internal: 0, death_notes: "
204,2023-08-02,8,m,20.96,16.68,2023-08-15,V23B,68,2023-09-15,1,0,1,0,1,GUAM 2023,2,"original_feeding_group: Monday, used_for: , feeding_week: 1 ,misc_notes: , pm_external: , pm_internal: 0, death_notes: "
433,2023-08-21,14,m,24.33,18.89,2023-08-31,CONTROL,116,2023-09-15,1,0,0,1,1,none,68,"original_feeding_group: Monday, used_for: , feeding_week:  ,misc_notes: , pm_external: , pm_internal: 0, death_notes: gut swollen; note that this beetle was fed on previous day"
58,2023-07-17,37,f,23.07,18.33,2023-08-15,V23B,93,2023-09-18,1,0,1,1,1,GUAM 2023,6,"original_feeding_group: Monday, used_for: , feeding_week: 1 ,misc_notes: , pm_external: , pm_internal: 0, death_notes: nematodes inside abdomen"
86,2023-07-20,26,m,26.04,21.31,2023-08-15,PNG,104,2023-09-18,1,0,1,0,1,GUAM 2023,9,"original_feeding_group: Monday, used_for: , feeding_week: 1 ,misc_notes: , pm_external: , pm_internal: 0, death_notes: "
98,2023-07-20,37,f,22.34,17.34,2023-08-04,DUG42,9,2023-09-18,1,0,1,1,1,GUAM 2023,5,"original_feeding_group: Monday, used_for: DUG42-2, feeding_week: 1 ,misc_notes: , pm_external: , pm_internal: 0, death_notes: nematodes inside abdomen"
149,2023-07-29,26,m,24.44,19.69,2023-08-15,DUG42,112,2023-09-18,1,1,1,0,1,GUAM 2023,7,"original_feeding_group: Thursday, used_for: , feeding_week: 2 ,misc_notes: , pm_external: , pm_internal: 0, death_notes: "
150,2023-07-29,18,m,21.44,17.13,2023-08-15,X2B,25,2023-09-18,1,1,0,1,1,GUAM 2023,8,"original_feeding_group: Thursday, used_for: , feeding_week: 2 ,misc_notes: , pm_external: , pm_internal: 0, death_notes: "
151,2023-07-29,25,f,26.93,21.39,2023-08-15,CONTROL,115,2023-09-18,1,1,1,1,1,GUAM 2023,3,"original_feeding_group: Thursday, used_for: , feeding_week: 2 ,misc_notes: , pm_external: , pm_internal: 0, death_notes: "
185,2023-07-31,2,f,24.87,19.24,2023-08-24,DUG42,94,2023-09-18,1,1,0,0,1,GUAM 2023,4,"original_feeding_group: Monday, used_for: , feeding_week: 1 ,misc_notes: , pm_external: , pm_internal: 0, death_notes: "
36,2023-07-14,40,m,23.54,17.69,2023-08-24,CONTROL,111,2023-09-19,1,1,1,1,1,GUAM 2023,18,"original_feeding_group: Thursday, used_for: , feeding_week: 2 ,misc_notes: , pm_external: , pm_internal: 0, death_notes: "
76,2023-07-20,6,f,23.59,20.1,2023-07-31,CONTROL,0,2023-09-19,1,0,0,1,1,GUAM 2023,14,"original_feeding_group: Thursday, used_for: DUG42-1, feeding_week: 2 ,misc_notes: , pm_external: , pm_internal: 0, death_notes: egg in cocopeat"
106,2023-07-24,17,f,25.56,21.17,2023-08-24,V23B,108,2023-09-19,1,0,1,1,1,GUAM 2023,16,"original_feeding_group: Thursday, used_for: , feeding_week: 2 ,misc_notes: , pm_external: , pm_internal: 0, death_notes: "
113,2023-07-24,19,m,24.28,19.53,2023-08-04,DUG42,3,2023-09-19,1,0,1,1,1,GUAM 2023,17,"original_feeding_group: Thursday, used_for: DUG42-2, feeding_week: 2 ,misc_notes: , pm_external: , pm_internal: 0, death_notes: "
134,2023-07-24,31,f,22.97,18.67,2023-08-15,CONTROL,35,2023-09-19,1,1,1,1,1,GUAM 2023,15,"original_feeding_group: Monday, used_for: , feeding_week: 1 ,misc_notes: , pm_external: , pm_internal: 0, death_notes: "
217,2023-08-02,38,m,24.96,19.97,2023-08-31,DUG42,263,2023-09-19,1,0,0,0,1,GUAM 2023,13,"original_feeding_group: Thursday, used_for: , feeding_week: 2 ,misc_notes: , pm_external: , pm_internal: 0, death_notes: "
278,2023-08-08,1,m,24.69,19.7,2023-08-31,CONTROL,123,2023-09-19,1,0,1,0,1,GUAM 2023,10,"original_feeding_group: Thursday, used_for: , feeding_week: 2 ,misc_notes: , pm_external: , pm_internal: 0, death_notes: "
280,2023-08-08,36,m,22.32,17.37,2023-08-31,V23B,129,2023-09-19,1,0,1,1,1,GUAM 2023,12,"original_feeding_group: Thursday, used_for: , feeding_week: 2 ,misc_notes: , pm_external: , pm_internal: 0, death_notes: "
349,2023-08-14,14,f,24.77,19.09,2023-08-31,DUG42,135,2023-09-19,1,1,0,1,1,GUAM 2023,11,"original_feeding_group: Monday, used_for: , feeding_week: 1 ,misc_notes: , pm_external: , pm_internal: 0, death_notes: "
4,2023-07-09,4,m,26.69,20.92,2023-08-24,PNG,175,2023-09-21,1,0,1,0,1,GUAM 2023,21,"original_feeding_group: Monday, used_for: , feeding_week: 1 ,misc_notes: , pm_external: , pm_internal: 0, death_notes: "
62,2023-07-17,8,m,22.32,17.76,2023-08-15,X2B,52,2023-09-21,1,0,1,0,1,GUAM 2023,25,"original_feeding_group: Thursday, used_for: , feeding_week: 2 ,misc_notes: , pm_external: , pm_internal: 0, death_notes: "
186,2023-07-31,38,m,19.6,15.73,2023-08-15,PNG,23,2023-09-21,1,0,1,0,1,GUAM 2023,24,"original_feeding_group: Monday, used_for: , feeding_week: 1 ,misc_notes: , pm_external: , pm_internal: 0, death_notes: "
275,2023-08-08,32,m,27.06,21.13,2023-08-31,V23B,238,2023-09-21,1,0,0,0,1,GUAM 2023,22,"original_feeding_group: Thursday, used_for: , feeding_week: 2 ,misc_notes: , pm_external: , pm_internal: 0, death_notes: "
363,2023-08-14,17,m,23.19,18.83,2023-08-31,CONTROL,77,2023-09-21,1,0,0,0,1,GUAM 2023,19,"original_feeding_group: Monday, used_for: , feeding_week: 1 ,misc_notes: , pm_external: , pm_internal: 0, death_notes: "
394,2023-08-19,31,m,24.36,18.97,2023-08-31,DUG42,0,2023-09-21,1,0,0,0,1,,0,"original_feeding_group: Monday, used_for: , feeding_week: 1 ,misc_notes: , pm_external: , pm_internal: 0, death_notes: abdomen texture of bread; GMF?; no tissue sample taken"
403,2023-08-19,9,m,26.55,20.6,2023-08-31,CONTROL,107,2023-09-21,1,0,1,0,1,GUAM 2023,20,"original_feeding_group: Thursday, used_for: , feeding_week: 2 ,misc_notes: , pm_external: , pm_internal: 0, death_notes: "
466,2023-08-21,28,m,22.14,17.37,2023-08-31,X2B,25,2023-09-21,1,0,0,0,1,GUAM 2023,23,"original_feeding_group: Thursday, used_for: , feeding_week:  ,misc_notes: , pm_external: , pm_internal: 0, death_notes: "
28,2023-07-14,0,m,24.48,18.51,2023-07-31,CONTROL,0,2023-09-24,1,0,0,0,1,GUAM 2023,29,"original_feeding_group: Thursday, used_for: DUG42-1, feeding_week: 2 ,misc_notes: , pm_external: , pm_internal: 0, death_notes: fungus on antennae"
100,2023-07-20,39,f,27.35,18.89,2023-08-04,DUG42,35,2023-09-24,1,1,1,0,0,,0,"original_feeding_group: Monday, used_for: DUG42-2, feeding_week: 1 ,misc_notes: , pm_external: , pm_internal: 0, death_notes: no tissue sample: too rotten"
158,2023-07-29,5,m,25.43,20.85,2023-08-24,DUG42,73,2023-09-24,1,1,1,1,1,GUAM 2023,27,"original_feeding_group: Monday, used_for: , feeding_week: 1 ,misc_notes: , pm_external: , pm_internal: 0, death_notes: "
159,2023-07-29,3,m,21.83,17.85,2023-08-24,X2B,63,2023-09-24,1,0,1,0,1,GUAM 2023,28,"original_feeding_group: Monday, used_for: , feeding_week: 1 ,misc_notes: , pm_external: , pm_internal: 0, death_notes: "
184,2023-07-31,1,m,23.24,17.74,2023-08-24,V23B,126,2023-09-24,1,0,1,0,1,GUAM 2023,26,"original_feeding_group: Monday, used_for: , feeding_week: 1 ,misc_notes: , pm_external: , pm_internal: 0, death_notes: "
202,2023-07-31,6,m,23.39,18.69,2023-08-15,V23B,101,2023-09-24,1,1,0,0,1,GUAM 2023,30,"original_feeding_group: Thursday, used_for: , feeding_week: 2 ,misc_notes: , pm_external: , pm_internal: 0, death_notes: "
81,2023-07-20,20,f,21.1,16.32,2023-08-24,PNG,125,2023-09-25,1,1,1,1,1,GUAM 2023,31,"original_feeding_group: Thursday, used_for: , feeding_week: 2 ,misc_notes: , pm_external: , pm_internal: 0, death_notes: yellow ooze on abdomen; egg in cocopet"
59,2023-07-17,32,f,20.81,16.8,2023-08-15,PNG,34,2023-09-27,1,1,0,0,1,GUAM 2023,34,"original_feeding_group: Monday, used_for: , feeding_week: 1 ,misc_notes: , pm_external: , pm_internal: 0, death_notes: "
128,2023-07-24,1,f,22.75,18.04,2023-08-15,X2B,78,2023-09-27,1,0,1,0,1,GUAM 2023,33,"original_feeding_group: Monday, used_for: , feeding_week: 1 ,misc_notes: , pm_external: , pm_internal: 0, death_notes: "
142,2023-07-24,34,f,24.71,19.72,2023-08-04,CONTROL,9,2023-09-27,1,0,0,1,1,GUAM 2023,35,"original_feeding_group: Thursday, used_for: DUG42-2, feeding_week: 2 ,misc_notes: , pm_external: , pm_internal: 0, death_notes: yellow ooze on abdomen"
330,2023-08-14,40,f,25.61,19.13,2023-08-31,X2B,170,2023-09-27,1,0,0,1,1,GUAM 2023,32,"original_feeding_group: Thursday, used_for: , feeding_week: 2 ,misc_notes: , pm_external: , pm_internal: 0, death_notes: "
387,2023-08-16,40,m,23.94,19.04,2023-08-31,DUG42,161,2023-09-27,1,0,1,1,1,GUAM 2023,36,"original_feeding_group: Thursday, used_for: , feeding_week: 2 ,misc_notes: , pm_external: , pm_internal: 0, death_notes: "
431,2023-08-21,8,f,23.32,18.55,2023-08-31,DUG42,204,2023-09-27,1,0,1,0,0,,0,"original_feeding_group: Monday, used_for: , feeding_week:  ,misc_notes: , pm_external: , pm_internal: 0, death_notes: no tissue sample: too rotten"
78,2023-07-20,4,f,26.21,20.79,2023-07-31,DUG42,0,2023-09-28,1,1,1,1,1,GUAM 2023,37,"original_feeding_group: Thursday, used_for: DUG42-1, feeding_week: 2 ,misc_notes: , pm_external: , pm_internal: 0, death_notes: "
183,2023-07-31,8,f,26.3,20.9,2023-08-24,V23B,30,2023-09-28,1,0,1,1,1,GUAM 2023,38,"original_feeding_group: Monday, used_for: , feeding_week: 1 ,misc_notes: , pm_external: , pm_internal: 0, death_notes: yellow ooze on abdomen"
189,2023-07-31,4,f,23.57,17.93,2023-08-24,PNG,81,2023-09-28,1,0,0,1,1,GUAM 2023,40,"original_feeding_group: Monday, used_for: , feeding_week: 1 ,misc_notes: , pm_external: , pm_internal: 0, death_notes: "
263,2023-08-08,24,f,25.88,20.68,2023-08-24,CONTROL,27,2023-09-28,1,0,1,0,1,GUAM 2023,39,"original_feeding_group: Monday, used_for: , feeding_week: 1 ,misc_notes: , pm_external: , pm_internal: 0, death_notes: "
373,2023-08-14,4,m,22.14,16.91,2023-08-31,PNG,112,2023-09-29,1,0,0,0,1,GUAM 2023,41,"original_feeding_group: Monday, used_for: , feeding_week: 1 ,misc_notes: , pm_external: , pm_internal: 0, death_notes: "
7,2023-07-09,33,m,18.86,15.57,2023-08-24,PNG,76,2023-10-02,1,1,1,0,1,GUAM 2023,46,"original_feeding_group: Monday, used_for: , feeding_week: 1 ,misc_notes: , pm_external: , pm_internal: 0, death_notes: nematodes in hemocoel and on outside of gut; none seen on outside of body"
127,2023-07-24,35,m,24.61,21.12,2023-08-15,X2B,69,2023-10-02,1,0,1,1,1,GUAM 2023,44,"original_feeding_group: Monday, used_for: , feeding_week: 1 ,misc_notes: , pm_external: , pm_internal: 0, death_notes: "
135,2023-07-24,1,f,25.62,19.52,2023-08-24,V23B,926,2023-10-02,1,1,0,0,0,,0,"original_feeding_group: Monday, used_for: , feeding_week: 1 ,misc_notes: , pm_external: , pm_internal: 0, death_notes: no tissue sample; too rotten"
216,2023-08-02,21,m,23.57,18.6,2023-08-24,CONTROL,41,2023-10-02,1,1,0,1,1,GUAM 2023,45,"original_feeding_group: Monday, used_for: , feeding_week: 1 ,misc_notes: , pm_external: , pm_internal: 0, death_notes: "
420,2023-08-21,7,f,24.24,18.98,2023-08-31,DUG42,164,2023-10-02,1,0,0,0,1,GUAM 2023,42,"original_feeding_group: Monday, used_for: , feeding_week:  ,misc_notes: , pm_external: , pm_internal: 0, death_notes: yellow ooze on abdomen"
426,2023-08-21,16,m,23.66,18.89,2023-08-31,V23B,78,2023-10-02,1,0,1,1,1,GUAM 2023,43,"original_feeding_group: Monday, used_for: , feeding_week:  ,misc_notes: , pm_external: , pm_internal: 0, death_notes: yellow ooze on abdomen"
25,2023-07-12,38,m,25.42,20.31,2023-08-04,DUG42,2,2023-10-03,1,0,0,0,0,,0,no tissue sample; too rotten
31,2023-07-14,8,f,25.42,19.56,2023-08-15,V23B,137,2023-10-03,1,1,0,0,1,GUAM 2023,47,"original_feeding_group: Thursday, used_for: , feeding_week: 2 ,misc_notes: , pm_external: , pm_internal: 0, death_notes: "
212,2023-08-02,1,m,23.96,18.63,2023-08-24,X2B,68,2023-10-03,1,0,1,0,1,GUAM 2023,49,"original_feeding_group: Monday, used_for: , feeding_week: 1 ,misc_notes: , pm_external: , pm_internal: 0, death_notes: masses of nematodes in abdominal spiracles"
233,2023-08-04,31,f,25.19,19.86,0000-00-00,,0,2023-10-03,0,0,1,1,1,GUAM 2023,48,"original_feeding_group: Monday, used_for: , feeding_week: 1 ,misc_notes: , pm_external: , pm_internal: 0, death_notes: Guts dissected by mistake; this beetle was not part of the bioassays"
68,2023-07-17,6,f,22.39,18.2,2023-08-04,CONTROL,17,2023-10-04,1,0,1,1,1,GUAM 2023,51,"original_feeding_group: Thursday, used_for: DUG42-2, feeding_week: 2 ,misc_notes: , pm_external: , pm_internal: 0, death_notes: "
399,2023-08-19,2,f,25.08,20.61,2023-08-31,CONTROL,90,2023-10-04,1,0,1,1,1,GUAM 2023,50,"original_feeding_group: Thursday, used_for: , feeding_week: 2 ,misc_notes: , pm_external: , pm_internal: 0, death_notes: "
91,2023-07-20,34,f,23.5,18.86,2023-08-24,DUG42,27,2023-10-06,1,1,0,1,1,GUAM 202309,52,"original_feeding_group: Monday, used_for: , feeding_week: 1 ,misc_notes: , pm_external: , pm_internal: 0, death_notes: "
205,2023-08-02,31,f,23.78,19.51,2023-08-15,X2B,65,2023-10-06,1,0,1,1,1,GUAM 202309,53,"original_feeding_group: Monday, used_for: , feeding_week: 1 ,misc_notes: , pm_external: , pm_internal: 0, death_notes: "
77,2023-07-20,38,m,20.11,15.75,2023-07-31,DUG42,0,2023-10-09,1,0,1,0,1,GUAM 202309,59,"original_feeding_group: Thursday, used_for: DUG42-1, feeding_week: 2 ,misc_notes: , pm_external: , pm_internal: 0, death_notes: "
82,2023-07-20,22,m,19.3,15.15,2023-07-31,DUG42,0,2023-10-09,1,0,0,0,1,GUAM 202309,58,"original_feeding_group: , used_for: DUG42-1, feeding_week: na ,misc_notes: , pm_external: , pm_internal: 0, death_notes: "
96,2023-07-20,22,f,22.78,18.45,2023-08-24,DUG42,25,2023-10-09,1,0,1,0,1,GUAM 202309,57,"original_feeding_group: Monday, used_for: , feeding_week: 1 ,misc_notes: , pm_external: , pm_internal: 0, death_notes: "
108,2023-07-24,20,f,21.68,17.56,2023-08-31,CONTROL,119,2023-10-09,1,0,1,1,1,GUAM 202309,55,"original_feeding_group: Thursday, used_for: , feeding_week: 2 ,misc_notes: , pm_external: , pm_internal: 0, death_notes: "
353,2023-08-14,27,f,21.69,17.17,2023-08-31,PNG,79,2023-10-09,1,0,0,0,1,GUAM 202309,56,"original_feeding_group: Thursday, used_for: , feeding_week: 2 ,misc_notes: , pm_external: , pm_internal: 0, death_notes: "
441,2023-08-21,33,f,25.03,19.72,2023-08-31,V23B,144,2023-10-09,1,0,0,0,1,GUAM 202309,54,"original_feeding_group: Thursday, used_for: , feeding_week:  ,misc_notes: , pm_external: , pm_internal: 0, death_notes: "
38,2023-07-14,38,m,22.19,17.41,2023-08-31,CONTROL,69,2023-10-11,1,0,0,0,1,GUAM 202309,61,"original_feeding_group: Thursday, used_for: , feeding_week: 2 ,misc_notes: , pm_external: , pm_internal: 0, death_notes: yellow ooze on abdomen"
65,2023-07-17,20,f,22.45,17.33,2023-08-24,V23B,44,2023-10-11,1,0,1,1,1,GUAM 202309,63,"original_feeding_group: Thursday, used_for: , feeding_week: 2 ,misc_notes: , pm_external: , pm_internal: 0, death_notes: "
104,2023-07-24,6,m,26.38,20.44,2023-08-24,DUG42,81,2023-10-11,1,0,0,1,1,GUAM 202309,64,"original_feeding_group: Monday, used_for: , feeding_week: 1 ,misc_notes: , pm_external: , pm_internal: 0, death_notes: "
153,2023-07-29,2,m,20.8,16.07,2023-08-24,PNG,53,2023-10-11,1,0,1,1,1,GUAM 202309,60,"original_feeding_group: Thursday, used_for: , feeding_week: 2 ,misc_notes: , pm_external: , pm_internal: 0, death_notes: "
171,2023-07-29,38,m,22.89,18.39,2023-08-15,PNG,-6,2023-10-11,1,0,1,0,1,GUAM 202309,65,"original_feeding_group: Thursday, used_for: , feeding_week: 2 ,misc_notes: , pm_external: , pm_internal: 0, death_notes: "
444,2023-08-21,32,m,26.43,20.95,2023-08-31,CONTROL,239,2023-10-11,1,0,1,0,1,GUAM 202309,62,"original_feeding_group: Thursday, used_for: , feeding_week:  ,misc_notes: , pm_external: , pm_internal: 0, death_notes: "
92,2023-07-20,17,m,23.3,18.91,2023-08-15,DUG42,50,2023-10-12,1,1,0,1,1,GUAM 202309,67,"original_feeding_group: Monday, used_for: , feeding_week: 1 ,misc_notes: , pm_external: , pm_internal: 0, death_notes: "
111,2023-07-24,20,f,23.43,17.96,2023-08-24,X2B,27,2023-10-12,1,0,1,1,1,GUAM 202309,66,"original_feeding_group: Thursday, used_for: , feeding_week: 2 ,misc_notes: , pm_external: , pm_internal: 0, death_notes: yellow ooze on abdomen"
181,2023-07-31,40,m,25.12,19.38,2023-08-15,PNG,13,2023-10-12,1,0,1,1,1,GUAM 202309,68,"original_feeding_group: Monday, used_for: , feeding_week: 1 ,misc_notes: , pm_external: , pm_internal: 0, death_notes: yellow ooze on abdomen"
105,2023-07-24,8,m,25.35,19.39,2023-08-15,DUG42,115,2023-10-13,0,0,1,1,1,GUAM 202309,70,"original_feeding_group: Monday, used_for: , feeding_week: 1 ,misc_notes: , pm_external: , pm_internal: 0, death_notes: "
119,2023-07-24,40,f,21.53,16.49,2023-08-15,V23B,79,2023-10-13,0,1,0,1,1,GUAM 202309,71,"original_feeding_group: Thursday, used_for: , feeding_week: 2 ,misc_notes: , pm_external: , pm_internal: 0, death_notes: "
175,2023-07-31,40,f,27.01,21.08,2023-08-24,CONTROL,56,2023-10-13,1,0,1,1,1,GUAM 202309,69,"original_feeding_group: Thursday, used_for: , feeding_week: 2 ,misc_notes: , pm_external: , pm_internal: 0, death_notes: "
192,2023-07-31,3,m,24.69,19.66,2023-08-15,CONTROL,28,2023-10-13,0,0,0,0,0,GUAM 202309,72,"original_feeding_group: Monday, used_for: , feeding_week: 1 ,misc_notes: , pm_external: , pm_internal: 0, death_notes: "
43,2023-07-17,40,m,25.96,19.77,2023-07-31,CONTROL,0,2023-10-16,0,0,1,1,1,GUAM 202309,75,"original_feeding_group: Monday, used_for: DUG42-1, feeding_week: 1 ,misc_notes: , pm_external: , pm_internal: 0, death_notes: "
47,2023-07-17,38,f,26.03,20.78,2023-08-04,CONTROL,14,2023-10-16,0,1,1,1,1,GUAM 202309,77,"original_feeding_group: Monday, used_for: DUG42-2, feeding_week: 1 ,misc_notes: , pm_external: , pm_internal: 0, death_notes: eggs; yellow chunks"
88,2023-07-20,26,m,26.64,18.85,2023-07-31,DUG42,0,2023-10-16,0,1,1,1,1,GUAM 202309,76,"original_feeding_group: Monday, used_for: DUG42-1, feeding_week: 1 ,misc_notes: , pm_external: , pm_internal: 0, death_notes: "
107,2023-07-24,7,f,24.93,20.13,2023-08-24,CONTROL,21,2023-10-16,1,1,0,1,1,GUAM 202309,79,"original_feeding_group: Thursday, used_for: , feeding_week: 2 ,misc_notes: , pm_external: , pm_internal: 0, death_notes: "
143,2023-07-29,1,m,24.43,19.02,2023-08-24,X2B,17,2023-10-16,1,0,0,1,1,GUAM 202309,78,"original_feeding_group: Thursday, used_for: , feeding_week: 2 ,misc_notes: , pm_external: , pm_internal: 0, death_notes: "
177,2023-07-31,24,m,22.05,17.09,2023-08-24,V23B,31,2023-10-16,1,0,0,1,1,GUAM 202309,74,"original_feeding_group: Thursday, used_for: , feeding_week: 2 ,misc_notes: , pm_external: , pm_internal: 0, death_notes: "
197,2023-07-31,12,f,24.71,21.24,2023-08-24,DUG42,60,2023-10-16,1,0,0,1,1,GUAM 202309,80,"original_feeding_group: Monday, used_for: , feeding_week: 1 ,misc_notes: , pm_external: , pm_internal: 0, death_notes: "
235,2023-08-04,37,f,23.54,18.14,2023-08-31,X2B,117,2023-10-16,1,0,0,0,0,,0,"original_feeding_group: Thursday, used_for: , feeding_week: 2 ,misc_notes: , pm_external: , pm_internal: 0, death_notes: no tissue sample: too rotten"
336,2023-08-14,40,f,23.82,17.33,2023-08-31,DUG42,60,2023-10-16,1,0,1,1,1,GUAM 202309,73,"original_feeding_group: Thursday, used_for: , feeding_week: 2 ,misc_notes: , pm_external: , pm_internal: 0, death_notes: "
409,2023-08-19,17,m,27.09,21.63,2023-08-31,PNG,41,2023-10-16,1,0,1,0,0,,0,"original_feeding_group: Thursday, used_for: , feeding_week: 2 ,misc_notes: , pm_external: , pm_internal: 0, death_notes: no tissue samples: too rotten; lots of nematodes inside abdomen"
11,2023-07-12,1,m,24.65,20.11,2023-08-24,CONTROL,66,2023-10-17,0,0,1,1,1,GUAM 202309,83,"original_feeding_group: Monday, used_for: , feeding_week: 1 ,misc_notes: , pm_external: , pm_internal: 0, death_notes: "
208,2023-08-02,31,m,22.56,18.56,2023-08-24,X2B,4,2023-10-17,0,0,0,1,1,GUAM 202309,84,"original_feeding_group: Monday, used_for: , feeding_week: 1 ,misc_notes: , pm_external: , pm_internal: 0, death_notes: "
209,2023-08-02,6,f,22.32,17.28,2023-08-24,PNG,1,2023-10-17,0,1,1,1,1,GUAM 202309,85,"original_feeding_group: Monday, used_for: , feeding_week: 1 ,misc_notes: , pm_external: , pm_internal: 0, death_notes: "
230,2023-08-04,36,m,26.08,20.14,2023-08-31,PNG,20,2023-10-17,1,0,0,1,1,GUAM 202309,86,"original_feeding_group: Thursday, used_for: , feeding_week: 2 ,misc_notes: , pm_external: , pm_internal: 0, death_notes: dark green-gray gut; swollen"
248,2023-08-08,17,f,21.08,16.18,2023-08-31,V23B,110,2023-10-17,1,1,0,1,1,GUAM 202309,87,"original_feeding_group: Thursday, used_for: , feeding_week: 2 ,misc_notes: , pm_external: , pm_internal: 0, death_notes: "
343,2023-08-28,30,f,27.2,20.23,2023-08-31,CONTROL,93,2023-10-17,1,1,1,1,1,GUAM 202309,81,"original_feeding_group: Monday, used_for: , feeding_week: 1 ,misc_notes: , pm_external: , pm_internal: 0, death_notes: "
374,2023-08-14,8,m,22.44,17.55,2023-08-31,X2B,67,2023-10-17,1,0,1,1,1,GUAM 202309,82,"original_feeding_group: Monday, used_for: , feeding_week: 1 ,misc_notes: , pm_external: , pm_internal: 0, death_notes: "
323,2023-08-11,29,f,25.96,21.31,2023-08-31,V23B,32,2023-10-18,1,0,1,1,1,GUAM 202309,88,"original_feeding_group: Monday, used_for: , feeding_week: 1 ,misc_notes: , pm_external: , pm_internal: 0, death_notes: "
364,2023-08-14,17,m,26.53,20.18,2023-08-31,PNG,30,2023-10-19,0,0,0,1,1,GUAM 202309,97,"original_feeding_group: Thursday, used_for: , feeding_week: 2 ,misc_notes: , pm_external: , pm_internal: 0, death_notes: "
369,2023-08-14,21,f,25.68,20.12,2023-08-31,X2B,49,2023-10-19,0,0,1,1,1,GUAM 202309,99,"original_feeding_group: Monday, used_for: , feeding_week: 1 ,misc_notes: , pm_external: , pm_internal: 0, death_notes: moribund, eggs"
375,2023-08-16,8,f,22.92,17.58,2023-08-31,PNG,124,2023-10-19,0,0,0,1,1,GUAM 202309,89,"original_feeding_group: Monday, used_for: , feeding_week: 1 ,misc_notes: , pm_external: , pm_internal: 0, death_notes: "
376,2023-08-16,10,m,24.78,20.28,2023-08-31,X2B,16,2023-10-19,0,0,1,1,1,GUAM 202309,91,"original_feeding_group: Monday, used_for: , feeding_week: 1 ,misc_notes: , pm_external: , pm_internal: 0, death_notes: "
383,2023-08-16,25,f,24.38,19.09,2023-08-31,V23B,165,2023-10-19,0,0,1,1,1,GUAM 202309,93,"original_feeding_group: Thursday, used_for: , feeding_week: 2 ,misc_notes: , pm_external: , pm_internal: 0, death_notes: "
386,2023-08-16,38,f,20.45,15.59,2023-08-31,X2B,79,2023-10-19,0,0,0,1,1,EXTRA,104,"original_feeding_group: Thursday, used_for: , feeding_week: 2 ,misc_notes: , pm_external: , pm_internal: 0, death_notes: "
392,2023-08-19,34,f,24.3,19.15,2023-08-31,CONTROL,64,2023-10-19,0,0,1,1,1,GUAM 202309,92,"original_feeding_group: Monday, used_for: , feeding_week: 1 ,misc_notes: , pm_external: , pm_internal: 0, death_notes: thick pink tissue in thorax"
400,2023-08-19,33,f,26.92,20.86,2023-08-31,PNG,15,2023-10-19,0,0,0,1,1,GUAM 202309,90,"original_feeding_group: Monday, used_for: , feeding_week: 1 ,misc_notes: , pm_external: , pm_internal: 0, death_notes: thick tissue in thorax"
416,2023-08-21,19,m,25.38,19.66,2023-08-31,V23B,50,2023-10-19,0,0,0,1,1,GUAM 202309,96,"original_feeding_group: Monday, used_for: , feeding_week:  ,misc_notes: , pm_external: , pm_internal: 0, death_notes: "
423,2023-08-21,8,f,25.99,20.91,2023-08-31,PNG,69,2023-10-19,0,0,0,1,1,GUAM 202309,94,"original_feeding_group: Monday, used_for: , feeding_week:  ,misc_notes: , pm_external: , pm_internal: 0, death_notes: thick pink tissue in thorax"
437,2023-08-21,3,m,25.05,19.97,2023-08-31,DUG42,38,2023-10-19,0,0,0,1,1,GUAM 202309,95,"original_feeding_group: Monday, used_for: , feeding_week:  ,misc_notes: , pm_external: , pm_internal: 0, death_notes: "
445,2023-08-21,37,m,22.91,17.61,2023-08-31,X2B,40,2023-10-19,0,0,0,1,1,EXTRA,102,"original_feeding_group: Thursday, used_for: , feeding_week:  ,misc_notes: , pm_external: , pm_internal: 0, death_notes: "
446,2023-08-21,33,m,25.08,19.64,2023-08-31,DUG42,13,2023-10-19,0,0,0,1,1,EXTRA,103,"original_feeding_group: Thursday, used_for: , feeding_week:  ,misc_notes: , pm_external: , pm_internal: 0, death_notes: "
449,2023-08-21,4,m,26.14,19.79,2023-08-31,PNG,50,2023-10-19,0,0,0,1,1,GUAM 202309,100,"original_feeding_group: Thursday, used_for: , feeding_week:  ,misc_notes: , pm_external: , pm_internal: 0, death_notes: "
451,2023-08-21,4,f,24.05,18.51,2023-08-31,X2B,91,2023-10-19,0,0,0,1,1,GUAM 202309,98,"original_feeding_group: Thursday, used_for: , feeding_week:  ,misc_notes: , pm_external: , pm_internal: 0, death_notes: "
454,2023-08-21,32,m,26.3,20.28,2023-08-31,V23B,28,2023-10-19,0,0,0,1,1,EXTRA,101,"original_feeding_group: Thursday, used_for: , feeding_week:  ,misc_notes: , pm_external: , pm_internal: 0, death_notes: "
